--
-- PostgreSQL database dump
--

SET statement_timeout = 0;
SET lock_timeout = 0;
SET client_encoding = 'UTF8';
SET standard_conforming_strings = on;
SET check_function_bodies = false;
SET client_min_messages = warning;

--
-- Name: plpgsql; Type: EXTENSION; Schema: -; Owner: 
--

CREATE EXTENSION IF NOT EXISTS plpgsql WITH SCHEMA pg_catalog;


--
-- Name: EXTENSION plpgsql; Type: COMMENT; Schema: -; Owner: 
--

COMMENT ON EXTENSION plpgsql IS 'PL/pgSQL procedural language';


SET search_path = public, pg_catalog;

--
-- Name: about_us_id_seq; Type: SEQUENCE; Schema: public; Owner: root
--

CREATE SEQUENCE about_us_id_seq
    START WITH 1
    INCREMENT BY 1
    NO MINVALUE
    NO MAXVALUE
    CACHE 1;


ALTER TABLE about_us_id_seq OWNER TO root;

SET default_tablespace = '';

SET default_with_oids = false;

--
-- Name: about_us; Type: TABLE; Schema: public; Owner: root; Tablespace: 
--

CREATE TABLE about_us (
    id integer DEFAULT nextval('about_us_id_seq'::regclass) NOT NULL,
    active smallint DEFAULT 1,
    insert_time timestamp without time zone DEFAULT now(),
    description character varying
);


ALTER TABLE about_us OWNER TO root;

--
-- Name: address; Type: TABLE; Schema: public; Owner: root; Tablespace: 
--

CREATE TABLE address (
    id integer NOT NULL,
    active smallint DEFAULT 1,
    insert_time timestamp without time zone DEFAULT now(),
    is_default boolean DEFAULT false,
    user_id integer,
    first_name character varying,
    last_name character varying,
    phone character varying,
    address character varying,
    address2 character varying,
    city character varying,
    state character varying,
    country character varying,
    zip character varying,
    label character varying
);


ALTER TABLE address OWNER TO root;

--
-- Name: address_id_seq; Type: SEQUENCE; Schema: public; Owner: root
--

CREATE SEQUENCE address_id_seq
    START WITH 1
    INCREMENT BY 1
    NO MINVALUE
    NO MAXVALUE
    CACHE 1;


ALTER TABLE address_id_seq OWNER TO root;

--
-- Name: address_id_seq; Type: SEQUENCE OWNED BY; Schema: public; Owner: root
--

ALTER SEQUENCE address_id_seq OWNED BY address.id;


--
-- Name: admin_roles; Type: TABLE; Schema: public; Owner: root; Tablespace: 
--

CREATE TABLE admin_roles (
    id integer NOT NULL,
    active smallint DEFAULT 1 NOT NULL,
    insert_time timestamp without time zone DEFAULT now() NOT NULL,
    admin_id integer NOT NULL,
    role_id integer NOT NULL
);


ALTER TABLE admin_roles OWNER TO root;

--
-- Name: admin_roles_id_seq; Type: SEQUENCE; Schema: public; Owner: root
--

CREATE SEQUENCE admin_roles_id_seq
    START WITH 1
    INCREMENT BY 1
    NO MINVALUE
    NO MAXVALUE
    CACHE 1;


ALTER TABLE admin_roles_id_seq OWNER TO root;

--
-- Name: admin_roles_id_seq; Type: SEQUENCE OWNED BY; Schema: public; Owner: root
--

ALTER SEQUENCE admin_roles_id_seq OWNED BY admin_roles.id;


--
-- Name: administrator; Type: TABLE; Schema: public; Owner: root; Tablespace: 
--

CREATE TABLE administrator (
    id integer NOT NULL,
    active smallint DEFAULT 1,
    insert_time timestamp without time zone DEFAULT now(),
    first_name character varying,
    last_name character varying,
    email character varying,
    username character varying,
    password character varying,
    hash character varying,
    permissions character varying,
    signup_ip character varying,
    update_time character varying
);


ALTER TABLE administrator OWNER TO root;

--
-- Name: administrator_id_seq; Type: SEQUENCE; Schema: public; Owner: root
--

CREATE SEQUENCE administrator_id_seq
    START WITH 1
    INCREMENT BY 1
    NO MINVALUE
    NO MAXVALUE
    CACHE 1;


ALTER TABLE administrator_id_seq OWNER TO root;

--
-- Name: administrator_id_seq; Type: SEQUENCE OWNED BY; Schema: public; Owner: root
--

ALTER SEQUENCE administrator_id_seq OWNED BY administrator.id;


--
-- Name: answer_id_seq; Type: SEQUENCE; Schema: public; Owner: root
--

CREATE SEQUENCE answer_id_seq
    START WITH 1
    INCREMENT BY 1
    NO MINVALUE
    NO MAXVALUE
    CACHE 1;


ALTER TABLE answer_id_seq OWNER TO root;

--
-- Name: answer; Type: TABLE; Schema: public; Owner: root; Tablespace: 
--

CREATE TABLE answer (
    id integer DEFAULT nextval('answer_id_seq'::regclass) NOT NULL,
    active smallint DEFAULT 1 NOT NULL,
    insert_time timestamp without time zone DEFAULT now() NOT NULL,
    text character varying,
    question_id integer,
    featured_image character varying,
    display_order integer
);


ALTER TABLE answer OWNER TO root;

--
-- Name: banner; Type: TABLE; Schema: public; Owner: root; Tablespace: 
--

CREATE TABLE banner (
    id integer NOT NULL,
    active smallint DEFAULT 1,
    insert_time timestamp without time zone DEFAULT now(),
    title character varying,
    image character varying,
    link character varying,
    date_modified character varying,
    is_deal boolean DEFAULT false,
    featured_id integer DEFAULT 0,
    url character varying,
    banner_order integer
);


ALTER TABLE banner OWNER TO root;

--
-- Name: banner_id_seq; Type: SEQUENCE; Schema: public; Owner: root
--

CREATE SEQUENCE banner_id_seq
    START WITH 1
    INCREMENT BY 1
    NO MINVALUE
    NO MAXVALUE
    CACHE 1;


ALTER TABLE banner_id_seq OWNER TO root;

--
-- Name: banner_id_seq; Type: SEQUENCE OWNED BY; Schema: public; Owner: root
--

ALTER SEQUENCE banner_id_seq OWNED BY banner.id;


--
-- Name: category; Type: TABLE; Schema: public; Owner: root; Tablespace: 
--

CREATE TABLE category (
    id integer NOT NULL,
    active smallint DEFAULT 1,
    insert_time timestamp without time zone DEFAULT now(),
    name character varying,
    subtitle character varying,
    parent_category integer,
    description character varying,
    slug character varying,
    meta_title character varying,
    meta_keywords character varying,
    meta_description character varying,
    display_order integer,
    in_menu integer,
    image character varying
);


ALTER TABLE category OWNER TO root;

--
-- Name: category_id_seq; Type: SEQUENCE; Schema: public; Owner: root
--

CREATE SEQUENCE category_id_seq
    START WITH 1
    INCREMENT BY 1
    NO MINVALUE
    NO MAXVALUE
    CACHE 1;


ALTER TABLE category_id_seq OWNER TO root;

--
-- Name: category_id_seq; Type: SEQUENCE OWNED BY; Schema: public; Owner: root
--

ALTER SEQUENCE category_id_seq OWNED BY category.id;


--
-- Name: config; Type: TABLE; Schema: public; Owner: root; Tablespace: 
--

CREATE TABLE config (
    id integer NOT NULL,
    active smallint DEFAULT 1,
    insert_time timestamp without time zone DEFAULT now(),
    name character varying,
    value character varying
);


ALTER TABLE config OWNER TO root;

--
-- Name: config_id_seq; Type: SEQUENCE; Schema: public; Owner: root
--

CREATE SEQUENCE config_id_seq
    START WITH 1
    INCREMENT BY 1
    NO MINVALUE
    NO MAXVALUE
    CACHE 1;


ALTER TABLE config_id_seq OWNER TO root;

--
-- Name: config_id_seq; Type: SEQUENCE OWNED BY; Schema: public; Owner: root
--

ALTER SEQUENCE config_id_seq OWNED BY config.id;


--
-- Name: contact; Type: TABLE; Schema: public; Owner: root; Tablespace: 
--

CREATE TABLE contact (
    id integer NOT NULL,
    active smallint DEFAULT 1,
    insert_time timestamp without time zone DEFAULT now(),
    name character varying,
    email character varying,
    phone character varying,
    message text,
    form integer,
    donation numeric(10,2)
);


ALTER TABLE contact OWNER TO root;

--
-- Name: contact_id_seq; Type: SEQUENCE; Schema: public; Owner: root
--

CREATE SEQUENCE contact_id_seq
    START WITH 1
    INCREMENT BY 1
    NO MINVALUE
    NO MAXVALUE
    CACHE 1;


ALTER TABLE contact_id_seq OWNER TO root;

--
-- Name: contact_id_seq; Type: SEQUENCE OWNED BY; Schema: public; Owner: root
--

ALTER SEQUENCE contact_id_seq OWNED BY contact.id;


--
-- Name: coupon; Type: TABLE; Schema: public; Owner: root; Tablespace: 
--

CREATE TABLE coupon (
    id integer NOT NULL,
    active smallint DEFAULT 1,
    insert_time timestamp without time zone DEFAULT now(),
    name character varying,
    code character varying,
    discount_type character varying,
    discount_amount character varying,
    min_amount character varying,
    num_uses_all character varying,
    uses_per_user character varying,
    start_time character varying,
    end_time character varying
);


ALTER TABLE coupon OWNER TO root;

--
-- Name: coupon_id_seq; Type: SEQUENCE; Schema: public; Owner: root
--

CREATE SEQUENCE coupon_id_seq
    START WITH 1
    INCREMENT BY 1
    NO MINVALUE
    NO MAXVALUE
    CACHE 1;


ALTER TABLE coupon_id_seq OWNER TO root;

--
-- Name: coupon_id_seq; Type: SEQUENCE OWNED BY; Schema: public; Owner: root
--

ALTER SEQUENCE coupon_id_seq OWNED BY coupon.id;


--
-- Name: credit; Type: TABLE; Schema: public; Owner: root; Tablespace: 
--

CREATE TABLE credit (
    id integer NOT NULL,
    active smallint DEFAULT 1,
    insert_time timestamp without time zone DEFAULT now(),
    name character varying,
    description character varying,
    price character varying,
    value character varying
);


ALTER TABLE credit OWNER TO root;

--
-- Name: credit_id_seq; Type: SEQUENCE; Schema: public; Owner: root
--

CREATE SEQUENCE credit_id_seq
    START WITH 1
    INCREMENT BY 1
    NO MINVALUE
    NO MAXVALUE
    CACHE 1;


ALTER TABLE credit_id_seq OWNER TO root;

--
-- Name: credit_id_seq; Type: SEQUENCE OWNED BY; Schema: public; Owner: root
--

ALTER SEQUENCE credit_id_seq OWNED BY credit.id;


--
-- Name: email_id_seq; Type: SEQUENCE; Schema: public; Owner: root
--

CREATE SEQUENCE email_id_seq
    START WITH 1
    INCREMENT BY 1
    NO MINVALUE
    NO MAXVALUE
    CACHE 1;


ALTER TABLE email_id_seq OWNER TO root;

--
-- Name: email; Type: TABLE; Schema: public; Owner: root; Tablespace: 
--

CREATE TABLE email (
    id integer DEFAULT nextval('email_id_seq'::regclass) NOT NULL,
    active smallint DEFAULT 1,
    insert_time timestamp without time zone DEFAULT now(),
    email character varying,
    contact_id integer NOT NULL
);


ALTER TABLE email OWNER TO root;

--
-- Name: gif_id_seq; Type: SEQUENCE; Schema: public; Owner: root
--

CREATE SEQUENCE gif_id_seq
    START WITH 1
    INCREMENT BY 1
    NO MINVALUE
    NO MAXVALUE
    CACHE 1;


ALTER TABLE gif_id_seq OWNER TO root;

--
-- Name: gif; Type: TABLE; Schema: public; Owner: root; Tablespace: 
--

CREATE TABLE gif (
    id integer DEFAULT nextval('gif_id_seq'::regclass) NOT NULL,
    active smallint DEFAULT 1,
    insert_time timestamp without time zone DEFAULT now(),
    image character varying,
    frames character varying,
    contact_id integer NOT NULL,
    in_slider smallint DEFAULT 0
);


ALTER TABLE gif OWNER TO root;

--
-- Name: hccsupport_id_seq; Type: SEQUENCE; Schema: public; Owner: root
--

CREATE SEQUENCE hccsupport_id_seq
    START WITH 1
    INCREMENT BY 1
    NO MINVALUE
    NO MAXVALUE
    CACHE 1;


ALTER TABLE hccsupport_id_seq OWNER TO root;

--
-- Name: hccsupport; Type: TABLE; Schema: public; Owner: root; Tablespace: 
--

CREATE TABLE hccsupport (
    id integer DEFAULT nextval('hccsupport_id_seq'::regclass) NOT NULL,
    active smallint DEFAULT 1,
    insert_time timestamp without time zone DEFAULT now(),
    support_list character varying,
    phone character varying
);


ALTER TABLE hccsupport OWNER TO root;

--
-- Name: highlight_id_seq; Type: SEQUENCE; Schema: public; Owner: root
--

CREATE SEQUENCE highlight_id_seq
    START WITH 1
    INCREMENT BY 1
    NO MINVALUE
    NO MAXVALUE
    CACHE 1;


ALTER TABLE highlight_id_seq OWNER TO root;

--
-- Name: highlight; Type: TABLE; Schema: public; Owner: root; Tablespace: 
--

CREATE TABLE highlight (
    id integer DEFAULT nextval('highlight_id_seq'::regclass) NOT NULL,
    active smallint DEFAULT 1,
    insert_time timestamp without time zone DEFAULT now(),
    image character varying,
    display_order character varying
);


ALTER TABLE highlight OWNER TO root;

--
-- Name: jewelry; Type: TABLE; Schema: public; Owner: root; Tablespace: 
--

CREATE TABLE jewelry (
    id integer NOT NULL,
    active smallint DEFAULT 1,
    insert_time timestamp without time zone DEFAULT now(),
    name character varying,
    description character varying,
    price numeric(10,2),
    currency_code character varying,
    quantity integer,
    tags character varying,
    materials character varying,
    images text,
    variation text,
    meta_title character varying,
    meta_keywords character varying,
    meta_description character varying,
    metal_colors text DEFAULT '{"14kt_gold":{"White":0,"Yellow":0,"Rose":0},"18kt_gold":{"White":0,"Yellow":0,"Rose":0},"Platinum":{"White":0,"Yellow":0,"Rose":0}}'::text,
    metals character varying DEFAULT '14kt_gold, 18kt_gold, Platinum'::character varying,
    total_14kt_price numeric(10,2) DEFAULT 0,
    total_18kt_price numeric(10,2) DEFAULT 0,
    total_plat_price numeric(10,2) DEFAULT 0,
    slug character varying,
    semi_mount numeric(5,2),
    stone_breakdown character varying,
    stone_count integer,
    weight numeric(10,2),
    diamond_cwwt character varying,
    diamond_color character varying,
    diamond_quality character varying,
    _14kt numeric(10,2),
    _18kt numeric(10,2),
    platinum numeric(10,2),
    setting integer,
    polish integer,
    melee numeric(10,2),
    ship_from_cast numeric(10,2),
    ship_to_cust numeric(10,2),
    memo_duration integer DEFAULT 0
);


ALTER TABLE jewelry OWNER TO root;

--
-- Name: jewelry_id_seq; Type: SEQUENCE; Schema: public; Owner: root
--

CREATE SEQUENCE jewelry_id_seq
    START WITH 1
    INCREMENT BY 1
    NO MINVALUE
    NO MAXVALUE
    CACHE 1;


ALTER TABLE jewelry_id_seq OWNER TO root;

--
-- Name: jewelry_id_seq; Type: SEQUENCE OWNED BY; Schema: public; Owner: root
--

ALTER SEQUENCE jewelry_id_seq OWNED BY jewelry.id;


--
-- Name: map_id_seq; Type: SEQUENCE; Schema: public; Owner: root
--

CREATE SEQUENCE map_id_seq
    START WITH 1
    INCREMENT BY 1
    NO MINVALUE
    NO MAXVALUE
    CACHE 1;


ALTER TABLE map_id_seq OWNER TO root;

--
-- Name: map; Type: TABLE; Schema: public; Owner: root; Tablespace: 
--

CREATE TABLE map (
    id integer DEFAULT nextval('map_id_seq'::regclass) NOT NULL,
    active smallint DEFAULT 1,
    insert_time timestamp without time zone DEFAULT now(),
    map_image character varying,
    display_order character varying
);


ALTER TABLE map OWNER TO root;

--
-- Name: order; Type: TABLE; Schema: public; Owner: root; Tablespace: 
--

CREATE TABLE "order" (
    id integer NOT NULL,
    active smallint DEFAULT 1,
    insert_time timestamp without time zone DEFAULT now(),
    bill_first_name character varying,
    bill_last_name character varying,
    bill_address character varying,
    bill_address2 character varying,
    bill_city character varying,
    bill_state character varying,
    bill_country character varying,
    bill_zip character varying,
    ship_first_name character varying,
    ship_last_name character varying,
    ship_address character varying,
    ship_address2 character varying,
    ship_city character varying,
    ship_state character varying,
    ship_country character varying,
    ship_zip character varying,
    cc_number character varying,
    cc_expiration_month character varying,
    cc_expiration_year character varying,
    cc_ccv character varying,
    tax character varying,
    tax_rate character varying,
    status character varying,
    tracking_number character varying,
    shipping_method character varying,
    user_id integer,
    coupon_code character varying,
    gift_card character varying,
    email character varying,
    shipping_cost real,
    payment_method integer,
    subtotal real,
    total real,
    viewed boolean,
    phone character varying,
    coupon_type integer,
    coupon_amount numeric,
    note character varying,
    user_role character varying,
    ref_num character varying,
    order_type integer,
    signature character varying
);


ALTER TABLE "order" OWNER TO root;

--
-- Name: order_id_seq; Type: SEQUENCE; Schema: public; Owner: root
--

CREATE SEQUENCE order_id_seq
    START WITH 1
    INCREMENT BY 1
    NO MINVALUE
    NO MAXVALUE
    CACHE 1;


ALTER TABLE order_id_seq OWNER TO root;

--
-- Name: order_id_seq; Type: SEQUENCE OWNED BY; Schema: public; Owner: root
--

ALTER SEQUENCE order_id_seq OWNED BY "order".id;


--
-- Name: order_product_option; Type: TABLE; Schema: public; Owner: root; Tablespace: 
--

CREATE TABLE order_product_option (
    id integer NOT NULL,
    active smallint DEFAULT 1,
    insert_time timestamp without time zone DEFAULT now(),
    order_product_id integer,
    data text,
    price numeric(10,2) DEFAULT 0
);


ALTER TABLE order_product_option OWNER TO root;

--
-- Name: order_product_option_id_seq; Type: SEQUENCE; Schema: public; Owner: root
--

CREATE SEQUENCE order_product_option_id_seq
    START WITH 1
    INCREMENT BY 1
    NO MINVALUE
    NO MAXVALUE
    CACHE 1;


ALTER TABLE order_product_option_id_seq OWNER TO root;

--
-- Name: order_product_option_id_seq; Type: SEQUENCE OWNED BY; Schema: public; Owner: root
--

ALTER SEQUENCE order_product_option_id_seq OWNED BY order_product_option.id;


--
-- Name: order_products; Type: TABLE; Schema: public; Owner: root; Tablespace: 
--

CREATE TABLE order_products (
    id integer NOT NULL,
    active smallint DEFAULT 1,
    insert_time timestamp without time zone DEFAULT now(),
    order_id integer,
    quantity integer,
    unit_price real,
    product_map_id integer NOT NULL
);


ALTER TABLE order_products OWNER TO root;

--
-- Name: order_products_id_seq; Type: SEQUENCE; Schema: public; Owner: root
--

CREATE SEQUENCE order_products_id_seq
    START WITH 1
    INCREMENT BY 1
    NO MINVALUE
    NO MAXVALUE
    CACHE 1;


ALTER TABLE order_products_id_seq OWNER TO root;

--
-- Name: order_products_id_seq; Type: SEQUENCE OWNED BY; Schema: public; Owner: root
--

ALTER SEQUENCE order_products_id_seq OWNED BY order_products.id;


--
-- Name: page; Type: TABLE; Schema: public; Owner: root; Tablespace: 
--

CREATE TABLE page (
    id integer NOT NULL,
    active smallint DEFAULT 1,
    insert_time timestamp without time zone DEFAULT now(),
    title character varying,
    slug character varying,
    description character varying,
    featured_image character varying,
    meta_title character varying,
    meta_keywords character varying,
    meta_description character varying,
    date_modified character varying,
    content text
);


ALTER TABLE page OWNER TO root;

--
-- Name: page_id_seq; Type: SEQUENCE; Schema: public; Owner: root
--

CREATE SEQUENCE page_id_seq
    START WITH 1
    INCREMENT BY 1
    NO MINVALUE
    NO MAXVALUE
    CACHE 1;


ALTER TABLE page_id_seq OWNER TO root;

--
-- Name: page_id_seq; Type: SEQUENCE OWNED BY; Schema: public; Owner: root
--

ALTER SEQUENCE page_id_seq OWNED BY page.id;


--
-- Name: payment_profiles; Type: TABLE; Schema: public; Owner: root; Tablespace: 
--

CREATE TABLE payment_profiles (
    id integer NOT NULL,
    active smallint DEFAULT 1,
    insert_time timestamp without time zone DEFAULT now(),
    user_id integer,
    first_name character varying,
    last_name character varying,
    phone character varying,
    address character varying,
    address2 character varying,
    city character varying,
    state character varying,
    country character varying,
    zip character varying,
    cc_number character varying,
    cc_expiration_month character varying,
    cc_expiration_year character varying,
    cc_ccv character varying,
    label character varying
);


ALTER TABLE payment_profiles OWNER TO root;

--
-- Name: payment_profiles_id_seq; Type: SEQUENCE; Schema: public; Owner: root
--

CREATE SEQUENCE payment_profiles_id_seq
    START WITH 1
    INCREMENT BY 1
    NO MINVALUE
    NO MAXVALUE
    CACHE 1;


ALTER TABLE payment_profiles_id_seq OWNER TO root;

--
-- Name: payment_profiles_id_seq; Type: SEQUENCE OWNED BY; Schema: public; Owner: root
--

ALTER SEQUENCE payment_profiles_id_seq OWNED BY payment_profiles.id;


--
-- Name: phone_id_seq; Type: SEQUENCE; Schema: public; Owner: root
--

CREATE SEQUENCE phone_id_seq
    START WITH 1
    INCREMENT BY 1
    NO MINVALUE
    NO MAXVALUE
    CACHE 1;


ALTER TABLE phone_id_seq OWNER TO root;

--
-- Name: phone; Type: TABLE; Schema: public; Owner: root; Tablespace: 
--

CREATE TABLE phone (
    id integer DEFAULT nextval('phone_id_seq'::regclass) NOT NULL,
    active smallint DEFAULT 1,
    insert_time timestamp without time zone DEFAULT now(),
    phone character varying,
    contact_id integer NOT NULL
);


ALTER TABLE phone OWNER TO root;

--
-- Name: product; Type: TABLE; Schema: public; Owner: root; Tablespace: 
--

CREATE TABLE product (
    id integer NOT NULL,
    active smallint DEFAULT 1,
    insert_time timestamp without time zone DEFAULT now(),
    name character varying,
    sku character varying,
    price character varying,
    meta_title character varying,
    meta_keywords character varying,
    meta_description character varying,
    featured_image character varying,
    colors character varying,
    featured smallint,
    shape character varying,
    clarity character varying,
    weight character varying,
    lab character varying,
    cut_grade character varying,
    polish character varying,
    symmetry character varying,
    fluor character varying,
    rapaport_price character varying,
    total character varying,
    certificate character varying,
    length character varying,
    width character varying,
    depth character varying,
    depth_percent character varying,
    table_percent character varying,
    girdle character varying,
    culet character varying,
    description character varying,
    origin character varying,
    memo_status character varying,
    inscription character varying,
    certificate_file character varying,
    slug character varying,
    wholesale_price numeric(10,2) DEFAULT 0,
    video_link character varying,
    quantity integer,
    memo_duration integer DEFAULT 0,
    vendor character varying,
    discount integer
);


ALTER TABLE product OWNER TO root;

--
-- Name: product_categories; Type: TABLE; Schema: public; Owner: root; Tablespace: 
--

CREATE TABLE product_categories (
    id integer NOT NULL,
    active smallint DEFAULT 1,
    insert_time timestamp without time zone DEFAULT now(),
    category_id integer,
    product_map_id integer NOT NULL
);


ALTER TABLE product_categories OWNER TO root;

--
-- Name: product_categories_id_seq; Type: SEQUENCE; Schema: public; Owner: root
--

CREATE SEQUENCE product_categories_id_seq
    START WITH 1
    INCREMENT BY 1
    NO MINVALUE
    NO MAXVALUE
    CACHE 1;


ALTER TABLE product_categories_id_seq OWNER TO root;

--
-- Name: product_categories_id_seq; Type: SEQUENCE OWNED BY; Schema: public; Owner: root
--

ALTER SEQUENCE product_categories_id_seq OWNED BY product_categories.id;


--
-- Name: product_id_seq; Type: SEQUENCE; Schema: public; Owner: root
--

CREATE SEQUENCE product_id_seq
    START WITH 1
    INCREMENT BY 1
    NO MINVALUE
    NO MAXVALUE
    CACHE 1;


ALTER TABLE product_id_seq OWNER TO root;

--
-- Name: product_id_seq; Type: SEQUENCE OWNED BY; Schema: public; Owner: root
--

ALTER SEQUENCE product_id_seq OWNED BY product.id;


--
-- Name: product_images; Type: TABLE; Schema: public; Owner: root; Tablespace: 
--

CREATE TABLE product_images (
    id integer NOT NULL,
    active smallint DEFAULT 1,
    insert_time timestamp without time zone DEFAULT now(),
    image character varying,
    display_order integer,
    product_map_id integer NOT NULL
);


ALTER TABLE product_images OWNER TO root;

--
-- Name: product_images_id_seq; Type: SEQUENCE; Schema: public; Owner: root
--

CREATE SEQUENCE product_images_id_seq
    START WITH 1
    INCREMENT BY 1
    NO MINVALUE
    NO MAXVALUE
    CACHE 1;


ALTER TABLE product_images_id_seq OWNER TO root;

--
-- Name: product_images_id_seq; Type: SEQUENCE OWNED BY; Schema: public; Owner: root
--

ALTER SEQUENCE product_images_id_seq OWNED BY product_images.id;


--
-- Name: product_map; Type: TABLE; Schema: public; Owner: root; Tablespace: 
--

CREATE TABLE product_map (
    id integer NOT NULL,
    active integer DEFAULT 1,
    insert_time timestamp without time zone DEFAULT now(),
    product_id integer,
    product_type_id integer
);


ALTER TABLE product_map OWNER TO root;

--
-- Name: product_map_id_seq; Type: SEQUENCE; Schema: public; Owner: root
--

CREATE SEQUENCE product_map_id_seq
    START WITH 1
    INCREMENT BY 1
    NO MINVALUE
    NO MAXVALUE
    CACHE 1;


ALTER TABLE product_map_id_seq OWNER TO root;

--
-- Name: product_map_id_seq; Type: SEQUENCE OWNED BY; Schema: public; Owner: root
--

ALTER SEQUENCE product_map_id_seq OWNED BY product_map.id;


--
-- Name: question_id_seq; Type: SEQUENCE; Schema: public; Owner: root
--

CREATE SEQUENCE question_id_seq
    START WITH 1
    INCREMENT BY 1
    NO MINVALUE
    NO MAXVALUE
    CACHE 1;


ALTER TABLE question_id_seq OWNER TO root;

--
-- Name: question; Type: TABLE; Schema: public; Owner: root; Tablespace: 
--

CREATE TABLE question (
    id integer DEFAULT nextval('question_id_seq'::regclass) NOT NULL,
    active smallint DEFAULT 1 NOT NULL,
    insert_time timestamp without time zone DEFAULT now() NOT NULL,
    text character varying,
    failure_text character varying,
    image character varying,
    correct_answer_id integer,
    display_order integer
);


ALTER TABLE question OWNER TO root;

--
-- Name: ring; Type: TABLE; Schema: public; Owner: root; Tablespace: 
--

CREATE TABLE ring (
    id integer NOT NULL,
    active smallint DEFAULT 1,
    insert_time timestamp without time zone DEFAULT now(),
    name character varying,
    price numeric(10,2),
    default_metal character varying,
    default_color character varying,
    dwt character varying,
    semi_mount_weight character varying,
    stone_breakdown character varying,
    center_stone_weight character varying,
    center_stone_shape character varying,
    total_stones character varying,
    semi_mount_diamond_weight character varying,
    diamond_color character varying,
    diamond_quality character varying,
    cost_per_dwt character varying,
    fourteenkt_gold_price character varying,
    eighteenkt_gold_price character varying,
    platinum_price character varying,
    website_fourteenkt_gold_price character varying,
    website_eighteenkt_gold_price character varying,
    website_platinum_price character varying,
    slug character varying,
    min_carat numeric(5,2) DEFAULT 0.0,
    max_carat numeric(5,2) DEFAULT 100,
    shape character varying,
    video_link character varying,
    metals character varying DEFAULT '14kt_gold, 18kt_gold, Platinum'::character varying,
    colors character varying DEFAULT 'White,Yellow,Rose'::character varying,
    metal_colors text DEFAULT '{"14kt_gold":{"White":1,"Yellow":1,"Rose":1},"18kt_gold":{"White":1,"Yellow":1,"Rose":0},"Platinum":{"White":1,"Yellow":0,"Rose":0}}'::text,
    setting_labor numeric(5,2),
    center_stone_setting_labor numeric(5,2),
    polish_labor numeric(5,2),
    head_to_add numeric(5,2),
    melee_cost numeric(5,2),
    shipping_from_cast numeric(5,2),
    shipping_to_customer numeric(5,2),
    total_14kt_cost numeric(10,2),
    total_18kt_cost numeric(10,2),
    total_plat_cost numeric(10,2),
    setting_style character varying,
    options text,
    alias character varying,
    meta_title character varying,
    meta_keywords character varying,
    meta_description character varying,
    description character varying,
    memo_duration integer DEFAULT 0
);


ALTER TABLE ring OWNER TO root;

--
-- Name: ring_id_seq; Type: SEQUENCE; Schema: public; Owner: root
--

CREATE SEQUENCE ring_id_seq
    START WITH 1
    INCREMENT BY 1
    NO MINVALUE
    NO MAXVALUE
    CACHE 1;


ALTER TABLE ring_id_seq OWNER TO root;

--
-- Name: ring_id_seq; Type: SEQUENCE OWNED BY; Schema: public; Owner: root
--

ALTER SEQUENCE ring_id_seq OWNED BY ring.id;


--
-- Name: ring_material; Type: TABLE; Schema: public; Owner: root; Tablespace: 
--

CREATE TABLE ring_material (
    id integer NOT NULL,
    active smallint DEFAULT 1,
    insert_time timestamp without time zone DEFAULT now(),
    name character varying,
    price numeric(10,2) DEFAULT 0,
    min_size numeric(10,2) DEFAULT 4.00,
    max_size numeric(10,2) DEFAULT 9.00,
    size_step numeric(10,2) DEFAULT 0.25,
    size_step_price numeric(10,2) DEFAULT 10
);


ALTER TABLE ring_material OWNER TO root;

--
-- Name: ring_material_id_seq; Type: SEQUENCE; Schema: public; Owner: root
--

CREATE SEQUENCE ring_material_id_seq
    START WITH 1
    INCREMENT BY 1
    NO MINVALUE
    NO MAXVALUE
    CACHE 1;


ALTER TABLE ring_material_id_seq OWNER TO root;

--
-- Name: ring_material_id_seq; Type: SEQUENCE OWNED BY; Schema: public; Owner: root
--

ALTER SEQUENCE ring_material_id_seq OWNED BY ring_material.id;


--
-- Name: role; Type: TABLE; Schema: public; Owner: root; Tablespace: 
--

CREATE TABLE role (
    id integer NOT NULL,
    active smallint DEFAULT 1 NOT NULL,
    insert_time timestamp without time zone DEFAULT now() NOT NULL,
    name character varying NOT NULL
);


ALTER TABLE role OWNER TO root;

--
-- Name: role_id_seq; Type: SEQUENCE; Schema: public; Owner: root
--

CREATE SEQUENCE role_id_seq
    START WITH 1
    INCREMENT BY 1
    NO MINVALUE
    NO MAXVALUE
    CACHE 1;


ALTER TABLE role_id_seq OWNER TO root;

--
-- Name: role_id_seq; Type: SEQUENCE OWNED BY; Schema: public; Owner: root
--

ALTER SEQUENCE role_id_seq OWNED BY role.id;


--
-- Name: session_id_seq; Type: SEQUENCE; Schema: public; Owner: root
--

CREATE SEQUENCE session_id_seq
    START WITH 1
    INCREMENT BY 1
    NO MINVALUE
    NO MAXVALUE
    CACHE 1;


ALTER TABLE session_id_seq OWNER TO root;

--
-- Name: session; Type: TABLE; Schema: public; Owner: root; Tablespace: 
--

CREATE TABLE session (
    id integer DEFAULT nextval('session_id_seq'::regclass) NOT NULL,
    active smallint DEFAULT 1,
    insert_time timestamp without time zone DEFAULT now(),
    title character varying,
    date_time integer
);


ALTER TABLE session OWNER TO root;

--
-- Name: shipping_method; Type: TABLE; Schema: public; Owner: root; Tablespace: 
--

CREATE TABLE shipping_method (
    id integer NOT NULL,
    active smallint DEFAULT 1,
    insert_time timestamp without time zone DEFAULT now(),
    is_default boolean DEFAULT false,
    name character varying,
    cart_subtotal_range_min numeric(10,0),
    cost numeric(10,0)
);


ALTER TABLE shipping_method OWNER TO root;

--
-- Name: shipping_method_id_seq; Type: SEQUENCE; Schema: public; Owner: root
--

CREATE SEQUENCE shipping_method_id_seq
    START WITH 1
    INCREMENT BY 1
    NO MINVALUE
    NO MAXVALUE
    CACHE 1;


ALTER TABLE shipping_method_id_seq OWNER TO root;

--
-- Name: shipping_method_id_seq; Type: SEQUENCE OWNED BY; Schema: public; Owner: root
--

ALTER SEQUENCE shipping_method_id_seq OWNED BY shipping_method.id;


--
-- Name: snapshot_contact_id_seq; Type: SEQUENCE; Schema: public; Owner: root
--

CREATE SEQUENCE snapshot_contact_id_seq
    START WITH 1
    INCREMENT BY 1
    NO MINVALUE
    NO MAXVALUE
    CACHE 1;


ALTER TABLE snapshot_contact_id_seq OWNER TO root;

--
-- Name: snapshot_contact; Type: TABLE; Schema: public; Owner: root; Tablespace: 
--

CREATE TABLE snapshot_contact (
    id integer DEFAULT nextval('snapshot_contact_id_seq'::regclass) NOT NULL,
    active smallint DEFAULT 1,
    insert_time timestamp without time zone DEFAULT now(),
    image character varying,
    contact_id integer NOT NULL,
    in_slider smallint DEFAULT 0
);


ALTER TABLE snapshot_contact OWNER TO root;

--
-- Name: support_user_id_seq; Type: SEQUENCE; Schema: public; Owner: root
--

CREATE SEQUENCE support_user_id_seq
    START WITH 1
    INCREMENT BY 1
    NO MINVALUE
    NO MAXVALUE
    CACHE 1;


ALTER TABLE support_user_id_seq OWNER TO root;

--
-- Name: support_user; Type: TABLE; Schema: public; Owner: root; Tablespace: 
--

CREATE TABLE support_user (
    id integer DEFAULT nextval('support_user_id_seq'::regclass) NOT NULL,
    active smallint DEFAULT 1,
    insert_time timestamp without time zone DEFAULT now(),
    user_phone character varying,
    support_list_id integer
);


ALTER TABLE support_user OWNER TO root;

--
-- Name: transaction; Type: TABLE; Schema: public; Owner: root; Tablespace: 
--

CREATE TABLE transaction (
    id integer NOT NULL,
    active smallint DEFAULT 1,
    insert_time timestamp without time zone DEFAULT now(),
    order_id integer,
    authorize_net_data text,
    ref_trans_id character varying
);


ALTER TABLE transaction OWNER TO root;

--
-- Name: transaction_id_seq; Type: SEQUENCE; Schema: public; Owner: root
--

CREATE SEQUENCE transaction_id_seq
    START WITH 1
    INCREMENT BY 1
    NO MINVALUE
    NO MAXVALUE
    CACHE 1;


ALTER TABLE transaction_id_seq OWNER TO root;

--
-- Name: transaction_id_seq; Type: SEQUENCE OWNED BY; Schema: public; Owner: root
--

ALTER SEQUENCE transaction_id_seq OWNED BY transaction.id;


--
-- Name: user; Type: TABLE; Schema: public; Owner: root; Tablespace: 
--

CREATE TABLE "user" (
    id integer NOT NULL,
    active smallint DEFAULT 1 NOT NULL,
    insert_time timestamp without time zone DEFAULT now() NOT NULL,
    email character varying NOT NULL,
    password character varying,
    hash character varying,
    first_name character varying,
    last_name character varying,
    phone character varying,
    photo character varying,
    username character varying
);


ALTER TABLE "user" OWNER TO root;

--
-- Name: user_favorite; Type: TABLE; Schema: public; Owner: root; Tablespace: 
--

CREATE TABLE user_favorite (
    id integer NOT NULL,
    active smallint DEFAULT 1 NOT NULL,
    insert_time timestamp without time zone DEFAULT now() NOT NULL,
    user_id integer,
    provider_id integer
);


ALTER TABLE user_favorite OWNER TO root;

--
-- Name: user_favorite_id_seq; Type: SEQUENCE; Schema: public; Owner: root
--

CREATE SEQUENCE user_favorite_id_seq
    START WITH 1
    INCREMENT BY 1
    NO MINVALUE
    NO MAXVALUE
    CACHE 1;


ALTER TABLE user_favorite_id_seq OWNER TO root;

--
-- Name: user_favorite_id_seq; Type: SEQUENCE OWNED BY; Schema: public; Owner: root
--

ALTER SEQUENCE user_favorite_id_seq OWNED BY user_favorite.id;


--
-- Name: user_id_seq; Type: SEQUENCE; Schema: public; Owner: root
--

CREATE SEQUENCE user_id_seq
    START WITH 1
    INCREMENT BY 1
    NO MINVALUE
    NO MAXVALUE
    CACHE 1;


ALTER TABLE user_id_seq OWNER TO root;

--
-- Name: user_id_seq; Type: SEQUENCE OWNED BY; Schema: public; Owner: root
--

ALTER SEQUENCE user_id_seq OWNED BY "user".id;


--
-- Name: user_roles; Type: TABLE; Schema: public; Owner: root; Tablespace: 
--

CREATE TABLE user_roles (
    id integer NOT NULL,
    active smallint DEFAULT 1 NOT NULL,
    insert_time timestamp without time zone DEFAULT now() NOT NULL,
    user_id integer NOT NULL,
    role_id integer NOT NULL
);


ALTER TABLE user_roles OWNER TO root;

--
-- Name: user_roles_id_seq; Type: SEQUENCE; Schema: public; Owner: root
--

CREATE SEQUENCE user_roles_id_seq
    START WITH 1
    INCREMENT BY 1
    NO MINVALUE
    NO MAXVALUE
    CACHE 1;


ALTER TABLE user_roles_id_seq OWNER TO root;

--
-- Name: user_roles_id_seq; Type: SEQUENCE OWNED BY; Schema: public; Owner: root
--

ALTER SEQUENCE user_roles_id_seq OWNED BY user_roles.id;


--
-- Name: wedding_band; Type: TABLE; Schema: public; Owner: root; Tablespace: 
--

CREATE TABLE wedding_band (
    id integer NOT NULL,
    active smallint DEFAULT 1,
    insert_time timestamp without time zone DEFAULT now(),
    name character varying,
    slug character varying,
    price numeric(10,2) DEFAULT 0,
    category character varying,
    diamond_color character varying,
    diamond_quality character varying,
    video_link character varying,
    metals character varying DEFAULT '14kt_gold, 18kt_gold, Platinum'::character varying,
    colors character varying DEFAULT 'White,Yellow,Rose'::character varying,
    metal_colors text DEFAULT '{"14kt_gold":{"White":1,"Yellow":1,"Rose":1},"18kt_gold":{"White":1,"Yellow":1,"Rose":1},"Platinum":{"White":1,"Yellow":0,"Rose":0}}'::text,
    setting_labor numeric(5,2),
    polish_labor numeric(5,2),
    head_to_add numeric(5,2),
    melee_cost numeric(5,2),
    shipping_from_cast numeric(5,2),
    shipping_to_customer numeric(5,2),
    total_14kt_cost numeric(10,2),
    total_18kt_cost numeric(10,2),
    total_plat_cost numeric(10,2),
    options text,
    setting_style character varying,
    alias character varying,
    meta_title character varying,
    meta_keywords character varying,
    meta_description character varying,
    memo_duration integer DEFAULT 0
);


ALTER TABLE wedding_band OWNER TO root;

--
-- Name: wedding_band_id_seq; Type: SEQUENCE; Schema: public; Owner: root
--

CREATE SEQUENCE wedding_band_id_seq
    START WITH 1
    INCREMENT BY 1
    NO MINVALUE
    NO MAXVALUE
    CACHE 1;


ALTER TABLE wedding_band_id_seq OWNER TO root;

--
-- Name: wedding_band_id_seq; Type: SEQUENCE OWNED BY; Schema: public; Owner: root
--

ALTER SEQUENCE wedding_band_id_seq OWNED BY wedding_band.id;


--
-- Name: wholesale; Type: TABLE; Schema: public; Owner: root; Tablespace: 
--

CREATE TABLE wholesale (
    id integer NOT NULL,
    active smallint DEFAULT 1,
    insert_time timestamp without time zone DEFAULT now(),
    company character varying,
    job_title character varying,
    dba character varying,
    incorporation character varying,
    referrer character varying,
    phone character varying,
    alt_phone character varying,
    status integer DEFAULT 0,
    address character varying,
    address2 character varying,
    payment character varying,
    memo_duration integer DEFAULT 24,
    site character varying,
    logo character varying,
    discount text,
    tax_id integer
);


ALTER TABLE wholesale OWNER TO root;

--
-- Name: wholesale_id_seq; Type: SEQUENCE; Schema: public; Owner: root
--

CREATE SEQUENCE wholesale_id_seq
    START WITH 1
    INCREMENT BY 1
    NO MINVALUE
    NO MAXVALUE
    CACHE 1;


ALTER TABLE wholesale_id_seq OWNER TO root;

--
-- Name: wholesale_id_seq; Type: SEQUENCE OWNED BY; Schema: public; Owner: root
--

ALTER SEQUENCE wholesale_id_seq OWNED BY wholesale.id;


--
-- Name: wholesale_items_id_seq; Type: SEQUENCE; Schema: public; Owner: root
--

CREATE SEQUENCE wholesale_items_id_seq
    START WITH 1
    INCREMENT BY 1
    NO MINVALUE
    NO MAXVALUE
    CACHE 1;


ALTER TABLE wholesale_items_id_seq OWNER TO root;

--
-- Name: wholesale_items; Type: TABLE; Schema: public; Owner: root; Tablespace: 
--

CREATE TABLE wholesale_items (
    id integer DEFAULT nextval('wholesale_items_id_seq'::regclass) NOT NULL,
    active integer DEFAULT 1,
    insert_time timestamp without time zone,
    price character varying,
    wholesale_id integer,
    product_id integer
);


ALTER TABLE wholesale_items OWNER TO root;

--
-- Name: wishlist; Type: TABLE; Schema: public; Owner: root; Tablespace: 
--

CREATE TABLE wishlist (
    id integer NOT NULL,
    active smallint DEFAULT 1,
    insert_time timestamp without time zone DEFAULT now(),
    user_id integer,
    data text
);


ALTER TABLE wishlist OWNER TO root;

--
-- Name: wishlist_id_seq; Type: SEQUENCE; Schema: public; Owner: root
--

CREATE SEQUENCE wishlist_id_seq
    START WITH 1
    INCREMENT BY 1
    NO MINVALUE
    NO MAXVALUE
    CACHE 1;


ALTER TABLE wishlist_id_seq OWNER TO root;

--
-- Name: wishlist_id_seq; Type: SEQUENCE OWNED BY; Schema: public; Owner: root
--

ALTER SEQUENCE wishlist_id_seq OWNED BY wishlist.id;


--
-- Name: id; Type: DEFAULT; Schema: public; Owner: root
--

ALTER TABLE ONLY address ALTER COLUMN id SET DEFAULT nextval('address_id_seq'::regclass);


--
-- Name: id; Type: DEFAULT; Schema: public; Owner: root
--

ALTER TABLE ONLY admin_roles ALTER COLUMN id SET DEFAULT nextval('admin_roles_id_seq'::regclass);


--
-- Name: id; Type: DEFAULT; Schema: public; Owner: root
--

ALTER TABLE ONLY administrator ALTER COLUMN id SET DEFAULT nextval('administrator_id_seq'::regclass);


--
-- Name: id; Type: DEFAULT; Schema: public; Owner: root
--

ALTER TABLE ONLY banner ALTER COLUMN id SET DEFAULT nextval('banner_id_seq'::regclass);


--
-- Name: id; Type: DEFAULT; Schema: public; Owner: root
--

ALTER TABLE ONLY category ALTER COLUMN id SET DEFAULT nextval('category_id_seq'::regclass);


--
-- Name: id; Type: DEFAULT; Schema: public; Owner: root
--

ALTER TABLE ONLY config ALTER COLUMN id SET DEFAULT nextval('config_id_seq'::regclass);


--
-- Name: id; Type: DEFAULT; Schema: public; Owner: root
--

ALTER TABLE ONLY contact ALTER COLUMN id SET DEFAULT nextval('contact_id_seq'::regclass);


--
-- Name: id; Type: DEFAULT; Schema: public; Owner: root
--

ALTER TABLE ONLY coupon ALTER COLUMN id SET DEFAULT nextval('coupon_id_seq'::regclass);


--
-- Name: id; Type: DEFAULT; Schema: public; Owner: root
--

ALTER TABLE ONLY credit ALTER COLUMN id SET DEFAULT nextval('credit_id_seq'::regclass);


--
-- Name: id; Type: DEFAULT; Schema: public; Owner: root
--

ALTER TABLE ONLY jewelry ALTER COLUMN id SET DEFAULT nextval('jewelry_id_seq'::regclass);


--
-- Name: id; Type: DEFAULT; Schema: public; Owner: root
--

ALTER TABLE ONLY "order" ALTER COLUMN id SET DEFAULT nextval('order_id_seq'::regclass);


--
-- Name: id; Type: DEFAULT; Schema: public; Owner: root
--

ALTER TABLE ONLY order_product_option ALTER COLUMN id SET DEFAULT nextval('order_product_option_id_seq'::regclass);


--
-- Name: id; Type: DEFAULT; Schema: public; Owner: root
--

ALTER TABLE ONLY order_products ALTER COLUMN id SET DEFAULT nextval('order_products_id_seq'::regclass);


--
-- Name: id; Type: DEFAULT; Schema: public; Owner: root
--

ALTER TABLE ONLY page ALTER COLUMN id SET DEFAULT nextval('page_id_seq'::regclass);


--
-- Name: id; Type: DEFAULT; Schema: public; Owner: root
--

ALTER TABLE ONLY payment_profiles ALTER COLUMN id SET DEFAULT nextval('payment_profiles_id_seq'::regclass);


--
-- Name: id; Type: DEFAULT; Schema: public; Owner: root
--

ALTER TABLE ONLY product ALTER COLUMN id SET DEFAULT nextval('product_id_seq'::regclass);


--
-- Name: id; Type: DEFAULT; Schema: public; Owner: root
--

ALTER TABLE ONLY product_categories ALTER COLUMN id SET DEFAULT nextval('product_categories_id_seq'::regclass);


--
-- Name: id; Type: DEFAULT; Schema: public; Owner: root
--

ALTER TABLE ONLY product_images ALTER COLUMN id SET DEFAULT nextval('product_images_id_seq'::regclass);


--
-- Name: id; Type: DEFAULT; Schema: public; Owner: root
--

ALTER TABLE ONLY product_map ALTER COLUMN id SET DEFAULT nextval('product_map_id_seq'::regclass);


--
-- Name: id; Type: DEFAULT; Schema: public; Owner: root
--

ALTER TABLE ONLY ring ALTER COLUMN id SET DEFAULT nextval('ring_id_seq'::regclass);


--
-- Name: id; Type: DEFAULT; Schema: public; Owner: root
--

ALTER TABLE ONLY ring_material ALTER COLUMN id SET DEFAULT nextval('ring_material_id_seq'::regclass);


--
-- Name: id; Type: DEFAULT; Schema: public; Owner: root
--

ALTER TABLE ONLY role ALTER COLUMN id SET DEFAULT nextval('role_id_seq'::regclass);


--
-- Name: id; Type: DEFAULT; Schema: public; Owner: root
--

ALTER TABLE ONLY shipping_method ALTER COLUMN id SET DEFAULT nextval('shipping_method_id_seq'::regclass);


--
-- Name: id; Type: DEFAULT; Schema: public; Owner: root
--

ALTER TABLE ONLY transaction ALTER COLUMN id SET DEFAULT nextval('transaction_id_seq'::regclass);


--
-- Name: id; Type: DEFAULT; Schema: public; Owner: root
--

ALTER TABLE ONLY "user" ALTER COLUMN id SET DEFAULT nextval('user_id_seq'::regclass);


--
-- Name: id; Type: DEFAULT; Schema: public; Owner: root
--

ALTER TABLE ONLY user_favorite ALTER COLUMN id SET DEFAULT nextval('user_favorite_id_seq'::regclass);


--
-- Name: id; Type: DEFAULT; Schema: public; Owner: root
--

ALTER TABLE ONLY user_roles ALTER COLUMN id SET DEFAULT nextval('user_roles_id_seq'::regclass);


--
-- Name: id; Type: DEFAULT; Schema: public; Owner: root
--

ALTER TABLE ONLY wedding_band ALTER COLUMN id SET DEFAULT nextval('wedding_band_id_seq'::regclass);


--
-- Name: id; Type: DEFAULT; Schema: public; Owner: root
--

ALTER TABLE ONLY wholesale ALTER COLUMN id SET DEFAULT nextval('wholesale_id_seq'::regclass);


--
-- Name: id; Type: DEFAULT; Schema: public; Owner: root
--

ALTER TABLE ONLY wishlist ALTER COLUMN id SET DEFAULT nextval('wishlist_id_seq'::regclass);


--
-- Data for Name: about_us; Type: TABLE DATA; Schema: public; Owner: root
--

COPY about_us (id, active, insert_time, description) FROM stdin;
1	1	2018-05-11 11:34:33.023703	<p>Cognizant (NASDAQ-100: CTSH) is one of the world&rsquo;s leading professional services companies, transforming clients&rsquo; business, operating and technology models for the digital era. Our unique industry-based, consultative approach helps clients envision, build and run more innovative and efficient businesses. Cognizant&rsquo;s line of TriZetto Healthcare Products is a portfolio of software solutions that help healthcare organizations enhance revenue growth, drive administrative efficiency, improve cost and quality of care and improve the member and patient experience. Headquartered in the U.S., Cognizant is ranked 230 on the Fortune 500 and is consistently listed among the most admired companies in the world. Learn how Cognizant helps clients lead with digital at www.cognizant.com&nbsp;or follow us @Cognizant</p>\r\n
\.


--
-- Name: about_us_id_seq; Type: SEQUENCE SET; Schema: public; Owner: root
--

SELECT pg_catalog.setval('about_us_id_seq', 1, true);


--
-- Data for Name: address; Type: TABLE DATA; Schema: public; Owner: root
--

COPY address (id, active, insert_time, is_default, user_id, first_name, last_name, phone, address, address2, city, state, country, zip, label) FROM stdin;
\.


--
-- Name: address_id_seq; Type: SEQUENCE SET; Schema: public; Owner: root
--

SELECT pg_catalog.setval('address_id_seq', 1, false);


--
-- Data for Name: admin_roles; Type: TABLE DATA; Schema: public; Owner: root
--

COPY admin_roles (id, active, insert_time, admin_id, role_id) FROM stdin;
1	1	2015-08-21 12:40:22.392	1	1
\.


--
-- Name: admin_roles_id_seq; Type: SEQUENCE SET; Schema: public; Owner: root
--

SELECT pg_catalog.setval('admin_roles_id_seq', 1, false);


--
-- Data for Name: administrator; Type: TABLE DATA; Schema: public; Owner: root
--

COPY administrator (id, active, insert_time, first_name, last_name, email, username, password, hash, permissions, signup_ip, update_time) FROM stdin;
1	1	2015-08-21 12:40:22.254	Master	User	eitan@emagid.com	emagid	fb854f805deb05baf33210d85be1d38772941728055849d4d70d058acf7f4738	2cfee084b16b1082a920f9c470931e32	Content,Pages,Blogs,Posts,Newsletter,Users,Slider,Gifs,Pictures,Support Users,Questions,Sessions,CMS,About Us,Highlights,Maps,Supports,System,Contacts,Configs,Administrators	\N	\N
\.


--
-- Name: administrator_id_seq; Type: SEQUENCE SET; Schema: public; Owner: root
--

SELECT pg_catalog.setval('administrator_id_seq', 1, false);


--
-- Data for Name: answer; Type: TABLE DATA; Schema: public; Owner: root
--

COPY answer (id, active, insert_time, text, question_id, featured_image, display_order) FROM stdin;
5	0	2018-02-28 11:07:46.899376	Luxor	1	\N	\N
4	0	2018-02-28 11:07:25.529061	Encore Las Vegas	1	\N	\N
3	0	2018-02-28 11:07:08.547277	Disney All-Star Resorts, Orlando	1	\N	\N
2	0	2018-02-28 11:06:31.687426	MGM Grand	1	\N	\N
6	1	2018-02-28 11:08:48.354773	Luxor	1	\N	\N
7	1	2018-02-28 11:08:57.577286	Encore Las Vegas	1	\N	\N
8	1	2018-02-28 11:09:05.034653	Disney All-Star Resorts, Orlando	1	\N	\N
9	1	2018-02-28 11:09:13.803201	MGM Grand	1	\N	\N
1	0	2018-02-28 11:05:38.229797	MGM Grand	0	\N	\N
14	1	2018-02-28 11:17:29.090526	Every day	2	\N	\N
15	1	2018-02-28 11:17:36.634979	Every hour	2	\N	\N
16	1	2018-02-28 11:17:44.340969	Every 40 seconds	2	\N	\N
17	1	2018-02-28 11:17:50.033646	What's ransomware?	2	\N	\N
13	0	2018-02-28 11:16:34.704041	What's ransomware?	0	\N	\N
12	0	2018-02-28 11:16:26.035998	Every 40 seconds	0	\N	\N
11	0	2018-02-28 11:16:16.736354	Every hour	0	\N	\N
10	0	2018-02-28 11:16:07.822701	Every day	0	\N	\N
18	1	2018-02-28 11:19:21.05853	4,025 ft.	3	\N	\N
19	1	2018-02-28 11:19:28.545536	3,001 ft.	3	\N	\N
21	1	2018-02-28 11:19:43.568801	900 ft.	3	\N	\N
22	1	2018-02-28 11:20:50.202694	People and processes	4	\N	\N
23	1	2018-02-28 11:20:57.084532	Strategy and business objectives	4	\N	\N
24	1	2018-02-28 11:21:03.851522	Psychological barriers	4	\N	\N
25	1	2018-02-28 11:21:09.685731	Security and cost	4	\N	\N
26	1	2018-02-28 11:22:17.199046	Fabulous	5	\N	\N
27	1	2018-02-28 11:22:22.931806	Frivolous	5	\N	\N
28	1	2018-02-28 11:22:28.034972	Fun	5	\N	\N
29	1	2018-02-28 11:22:32.50682	Fantastic	5	\N	\N
30	1	2018-02-28 11:23:08.476728	Hybrid	6	\N	\N
31	1	2018-02-28 11:23:13.604089	Private	6	\N	\N
32	1	2018-02-28 11:23:17.951845	Public	6	\N	\N
33	1	2018-02-28 11:23:55.773691	$1M	7	\N	\N
34	1	2018-02-28 11:24:01.690994	$100K	7	\N	\N
35	1	2018-02-28 11:24:10.494841	$100	7	\N	\N
36	1	2018-02-28 11:24:15.280232	$1	7	\N	\N
37	0	2018-02-28 11:25:08.249173	$25.3 billion	0	\N	\N
38	1	2018-02-28 11:25:38.396943	$25.3 billion	8	\N	\N
39	1	2018-02-28 11:25:43.309268	$17.6 billion	8	\N	\N
40	1	2018-02-28 11:25:49.818529	$10.9 billion	8	\N	\N
41	1	2018-02-28 11:25:57.605877	$1.5 billion	8	\N	\N
20	1	2018-02-28 11:19:37.337725	1,250 ft.	3	\N	\N
42	1	2018-04-30 11:04:37.600413	False	9	\N	\N
43	1	2018-04-30 11:04:42.544299	True	9	\N	\N
44	1	2018-04-30 11:08:42.797064	False	10	\N	\N
45	1	2018-04-30 11:08:57.409403	True	10	\N	\N
46	1	2018-04-30 11:09:59.835898	False	11	\N	\N
47	1	2018-04-30 11:10:05.291786	True	11	\N	\N
48	1	2018-04-30 11:10:56.35586	Digital	12	\N	\N
49	1	2018-04-30 11:11:01.446029	Drive	12	\N	\N
50	1	2018-04-30 11:12:54.495214	False	13	\N	\N
51	1	2018-04-30 11:13:03.206751	True	13	\N	\N
52	1	2018-04-30 11:16:03.042062	False	14	\N	\N
53	1	2018-04-30 11:16:09.188575	True	14	\N	\N
54	1	2018-04-30 11:18:32.781568	False	15	\N	\N
55	1	2018-04-30 11:18:40.42807	True	15	\N	\N
56	1	2018-04-30 11:19:21.040767	$45	16	\N	\N
57	1	2018-04-30 11:19:28.32261	$55	16	\N	\N
\.


--
-- Name: answer_id_seq; Type: SEQUENCE SET; Schema: public; Owner: root
--

SELECT pg_catalog.setval('answer_id_seq', 57, true);


--
-- Data for Name: banner; Type: TABLE DATA; Schema: public; Owner: root
--

COPY banner (id, active, insert_time, title, image, link, date_modified, is_deal, featured_id, url, banner_order) FROM stdin;
\.


--
-- Name: banner_id_seq; Type: SEQUENCE SET; Schema: public; Owner: root
--

SELECT pg_catalog.setval('banner_id_seq', 1, false);


--
-- Data for Name: category; Type: TABLE DATA; Schema: public; Owner: root
--

COPY category (id, active, insert_time, name, subtitle, parent_category, description, slug, meta_title, meta_keywords, meta_description, display_order, in_menu, image) FROM stdin;
\.


--
-- Name: category_id_seq; Type: SEQUENCE SET; Schema: public; Owner: root
--

SELECT pg_catalog.setval('category_id_seq', 1, false);


--
-- Data for Name: config; Type: TABLE DATA; Schema: public; Owner: root
--

COPY config (id, active, insert_time, name, value) FROM stdin;
1	1	2015-08-21 12:04:19.995	Meta Title	Allied Foundation
2	1	2015-08-21 12:04:19.995	Meta Description	Allied Foundation
3	1	2015-08-21 12:04:19.995	Meta Keywords	Allied
\.


--
-- Name: config_id_seq; Type: SEQUENCE SET; Schema: public; Owner: root
--

SELECT pg_catalog.setval('config_id_seq', 1, false);


--
-- Data for Name: contact; Type: TABLE DATA; Schema: public; Owner: root
--

COPY contact (id, active, insert_time, name, email, phone, message, form, donation) FROM stdin;
1	1	2018-02-27 18:03:02.23127	andrew	andrew@emagid.com	\N	\N	1	\N
2	1	2018-02-27 18:05:10.316462	andrew	andrew@emagid.com	\N	\N	1	\N
3	1	2018-02-27 18:24:51.691455	dfsd	andrew@emagid.com	\N	\N	1	\N
4	1	2018-02-27 18:27:51.663823	dsankl	andrew@emagid.com	\N	\N	1	\N
5	1	2018-02-27 18:34:32.211225	dshjakl	andrew@emagid.com	\N	\N	1	\N
6	1	2018-02-28 12:12:44.401375	e	joanna@imillerpr.com	\N	\N	1	\N
7	1	2018-03-01 18:06:18.767887	andrew	andrew@emagid.com	\N	\N	1	\N
8	1	2018-03-02 20:17:31.722144	\N	andrew@emagid.com	5165920850	\N	1	\N
9	1	2018-03-02 20:22:12.245744	\N	andrew@emagid.com	5165920850	\N	1	\N
10	1	2018-03-04 22:02:31.502094	\N	Garrett.forrester@gmail.com	9177910891	\N	1	\N
11	1	2018-03-04 22:30:27.500253	\N	garrett@emagid.com		\N	1	\N
12	1	2018-03-04 22:30:42.602714	\N	garrett@emagid.com		\N	1	\N
13	1	2018-03-04 22:31:11.263889	\N	garrett@emagid.com	9177910891	\N	1	\N
14	1	2018-03-05 09:34:18.694321	\N	mccrinkandrew@gmail.com	5165920850	\N	1	\N
15	1	2018-03-05 14:55:15.937225	\N		5162364037	\N	1	\N
16	1	2018-03-05 22:13:18.125972	\N	joanna@imillerpr.com		\N	1	\N
17	1	2018-03-05 22:14:21.459539	\N	joanna@imillerpr.com	8476309778	\N	1	\N
18	1	2018-03-05 22:14:22.421367	\N	joanna@imillerpr.com		\N	1	\N
19	1	2018-03-05 22:14:34.064792	\N	joanna@imillerpr.com		\N	1	\N
20	1	2018-03-05 22:14:37.395593	\N	joanna@imillerpr.com	8476309778	\N	1	\N
21	1	2018-03-05 22:14:38.526121	\N	joanna@imillerpr.com	8476309778	\N	1	\N
22	1	2018-03-05 22:14:39.382848	\N	joanna@imillerpr.com	8476309778	\N	1	\N
23	1	2018-03-06 13:56:59.534284	\N		5162364037	\N	1	\N
24	1	2018-03-06 14:13:39.699806	\N	me@iarani.com		\N	1	\N
25	1	2018-03-06 14:13:46.362558	\N	me@iarani.com		\N	1	\N
26	1	2018-03-06 14:13:46.887292	\N	me@iarani.com		\N	1	\N
27	1	2018-03-06 15:59:11.925909	\N	morr.avissara@gmail.com		\N	1	\N
28	1	2018-03-06 16:18:26.858097	\N	webair@imillerpr.com	18476309778	\N	1	\N
29	1	2018-03-06 16:52:07.769985	\N		6235234251	\N	1	\N
30	1	2018-03-06 17:11:42.928597	\N	pascal.morschbach@heidelberg-mobil.com		\N	1	\N
31	1	2018-03-06 17:11:51.852704	\N	pascal.morschbach@heidelberg-mobil.com		\N	1	\N
32	1	2018-03-06 17:11:55.55057	\N	pascal.morschbach@heidelberg-mobil.com		\N	1	\N
33	1	2018-03-07 18:20:09.032593	\N	asilva@opmits.com	7876429313	\N	1	\N
34	1	2018-03-07 18:20:37.62091	\N	asilva@opmits.com	7876429313	\N	1	\N
35	1	2018-03-07 18:20:38.885776	\N	asilva@opmits.com	7876429313	\N	1	\N
36	1	2018-03-08 13:46:00.932484	\N	sabba02@gmail.com		\N	1	\N
37	1	2018-03-08 15:24:09.294496	\N	joanna@imillerpr.com	joanna@imillerpr.com	\N	1	\N
38	1	2018-03-08 15:24:17.539436	\N	joanna@imillerpr.com	joanna@imillerpr.com	\N	1	\N
39	1	2018-03-08 15:30:20.563468	\N	ivasutyn@gmail.com		\N	1	\N
40	1	2018-03-14 18:17:00.321367	\N		6313322462	\N	1	\N
41	1	2018-03-14 18:17:01.730806	\N		6313322462	\N	1	\N
42	1	2018-03-15 09:37:06.79545	\N	ivan.esquivel@webair.com		\N	1	\N
43	1	2018-03-15 11:09:17.413156	\N			\N	1	\N
44	1	2018-03-15 17:16:11.023811	\N		5166501501	\N	1	\N
45	1	2018-03-20 12:54:24.511461	\N	wayne@layer7capital.com		\N	1	\N
46	1	2018-03-30 09:51:15.909275	\N		6464985306	\N	1	\N
47	1	2018-03-30 10:52:02.535668	\N		6464985306	\N	1	\N
48	1	2018-03-30 10:52:03.16983	\N		6464985306	\N	1	\N
49	1	2018-03-30 10:52:05.133722	\N		6464985306	\N	1	\N
50	1	2018-03-30 10:52:08.293067	\N		6464985306	\N	1	\N
51	1	2018-03-30 10:52:09.581528	\N		6464985306	\N	1	\N
52	1	2018-04-09 20:11:27.800004	\N		5166501501	\N	1	\N
53	1	2018-04-18 12:36:23.294694	\N	sconte2@gmail.com		\N	1	\N
54	1	2018-04-23 17:54:25.724445	\N		5165372229	\N	1	\N
55	1	2018-04-24 16:48:06.186506	\N	ja@a1entertainmentevents.com	2	\N	1	\N
56	1	2018-04-24 16:48:08.539238	\N	ja@a1entertainmentevents.com	2	\N	1	\N
57	1	2018-04-24 16:48:11.849975	\N	ja@a1entertainmentevents.com	2	\N	1	\N
58	1	2018-04-24 16:48:21.02892	\N	ja@a1entertainmentevents.com	2	\N	1	\N
59	1	2018-04-24 16:48:26.10047	\N	ja@a1entertainmentevents.com	2	\N	1	\N
60	1	2018-04-24 16:48:29.989021	\N	ja@a1entertainmentevents.com	2	\N	1	\N
61	1	2018-04-24 16:48:59.814317	\N	ja@a1entertainmentevents.com	5163140044	\N	1	\N
62	1	2018-04-25 11:08:00.610219	\N	zak@popshap.com		\N	1	\N
63	1	2018-04-26 15:29:39.821389	\N	andrew@emagid.com	5165920850	\N	1	\N
64	1	2018-04-26 15:30:35.944014	\N	andrew@emagid.com	5165920850	\N	1	\N
65	1	2018-04-26 17:09:57.259395	\N			\N	\N	\N
66	1	2018-04-26 17:20:53.969155	\N	andrew@emagid.com	5165920858	\N	1	\N
67	1	2018-04-26 17:21:19.807994	\N		5165920850	\N	1	\N
68	1	2018-04-26 17:39:08.77116	\N	andrew@emagid.com	5165920850	\N	1	\N
69	1	2018-04-26 17:40:04.669735	\N			\N	\N	\N
70	1	2018-04-26 17:41:52.131835	\N			\N	\N	\N
71	1	2018-04-26 17:45:02.329689	\N			\N	\N	\N
72	1	2018-04-26 17:46:20.268038	\N			\N	\N	\N
73	1	2018-04-26 17:51:38.896411	\N			\N	\N	\N
74	1	2018-04-26 18:42:01.507455	\N	andrew@emagid.com	5165920850	\N	1	\N
75	1	2018-04-26 18:43:47.343646	\N	andrew@emagid.com	5165920850	\N	1	\N
76	1	2018-04-26 18:51:24.337796	\N	andrew@emagid.com	5165920850	\N	1	\N
77	1	2018-04-26 18:51:56.67511	\N	andrew@emagid.com	5165920850	\N	1	\N
78	1	2018-04-27 12:06:52.023962	\N		2014015212	\N	1	\N
79	1	2018-04-27 12:09:50.690224	\N	jhuj@ggg.com		\N	1	\N
80	1	2018-05-09 09:13:14.549785	\N		5165920850	\N	1	\N
81	1	2018-05-10 10:59:05.124764	\N	andrew@emagid.com	5165920850	\N	1	\N
82	1	2018-05-18 13:36:06.191566	\N	andrew@emagid.com	5165920850	\N	1	\N
83	1	2018-05-19 15:11:03.180178	\N		9089177358	\N	1	\N
84	1	2018-05-19 15:13:49.932694	\N		3035707665	\N	1	\N
85	1	2018-05-19 15:22:36.215697	\N	brittanyvictoriawoods@gmail.com		\N	1	\N
86	1	2018-05-19 16:08:12.754815	\N		6462260277	\N	1	\N
87	1	2018-05-19 17:36:56.672621	\N		5188581471	\N	1	\N
88	1	2018-05-20 00:08:29.255203	\N		5165920850	\N	1	\N
89	1	2018-05-20 00:38:53.536508	\N		5162364037	\N	1	\N
90	1	2018-05-20 11:20:55.796085	\N		5164573919,5165098765,5164578233	\N	1	\N
91	1	2018-05-20 12:53:40.470544	\N	dkirk@applevalleymc.com,aklotz@applevalleymc.com	9529979845	\N	1	\N
92	1	2018-05-20 13:32:34.204703	\N		4438055066	\N	1	\N
93	1	2018-05-20 13:35:46.224068	\N		8476245821	\N	1	\N
94	1	2018-05-20 14:23:02.779552	\N		9087972924	\N	1	\N
95	1	2018-05-20 14:39:15.65528	\N		6462260277	\N	1	\N
96	1	2018-05-20 14:41:24.156706	\N	mike@popshap.com		\N	1	\N
97	1	2018-05-20 14:45:24.161956	\N		5038037330	\N	1	\N
98	1	2018-05-20 14:45:34.418468	\N		5165920850,646220277	\N	1	\N
99	1	2018-05-20 14:46:26.919674	\N	gene220jr@gmail.com	14148073554,14147599098,14144300781,14145875811	\N	1	\N
100	1	2018-05-20 14:47:30.931913	\N		5165920850	\N	1	\N
101	1	2018-05-20 14:53:01.225566	\N		6462260277	\N	1	\N
102	1	2018-05-20 15:08:09.972709	\N		5165920850,5165920850	\N	1	\N
103	1	2018-05-20 15:08:24.356741	\N		6462260277	\N	1	\N
104	1	2018-05-20 15:08:51.616308	\N		5165920850	\N	1	\N
105	1	2018-05-20 15:09:05.269336	\N		6462260277	\N	1	\N
106	1	2018-05-20 15:11:15.69379	\N		6462260277	\N	1	\N
107	1	2018-05-20 15:11:33.944076	\N		5165920850,5165920850	\N	1	\N
108	1	2018-05-20 15:18:18.966084	\N		5165920850	\N	1	\N
109	1	2018-05-20 15:32:03.673174	\N	luvcatztoo@gmail.com	4086447749,4082308026	\N	1	\N
110	1	2018-05-20 15:40:29.572569	\N	ahandshuh@tracscout.com	4076193016	\N	1	\N
111	1	2018-05-20 16:39:40.882217	\N	ashley.matthews@me.com	5012315710	\N	1	\N
112	1	2018-05-20 17:01:04.327755	\N		5165920850	\N	1	\N
113	1	2018-05-20 17:15:16.280205	\N		6462260277	\N	1	\N
114	1	2018-05-20 17:40:19.713071	\N		6462260277,5165920850	\N	1	\N
115	1	2018-05-20 18:41:03.478922	\N		6027904151	\N	1	\N
116	1	2018-05-20 19:39:49.032314	\N		2055001860	\N	1	\N
117	1	2018-05-20 19:45:40.323693	\N		5165920850	\N	1	\N
118	1	2018-05-20 19:47:22.836892	\N		5165920850	\N	1	\N
119	1	2018-05-20 19:48:21.716638	\N		2014015212	\N	1	\N
120	1	2018-05-20 19:50:39.539091	\N		8035861059	\N	1	\N
121	1	2018-05-20 19:59:31.333213	\N		2014015212	\N	1	\N
122	1	2018-05-20 20:00:27.457267	\N		5165920850	\N	1	\N
123	1	2018-05-20 20:01:14.969823	\N	andrew@emagid.com		\N	1	\N
124	1	2018-05-20 20:01:39.376875	\N		5165920850	\N	1	\N
125	1	2018-05-20 20:10:42.159294	\N		5165920850	\N	1	\N
126	1	2018-05-20 20:12:32.670743	\N		5165920850	\N	1	\N
127	1	2018-05-20 20:13:19.450141	\N		5165920850	\N	1	\N
128	1	2018-05-20 20:14:18.156239	\N		4432506933	\N	1	\N
129	1	2018-05-20 20:15:33.107996	\N			\N	1	\N
130	1	2018-05-20 20:21:25.843196	\N		6462260277	\N	1	\N
131	1	2018-05-20 20:22:05.759534	\N			\N	1	\N
132	1	2018-05-20 20:22:57.630165	\N			\N	1	\N
133	1	2018-05-20 20:24:17.512426	\N			\N	1	\N
134	1	2018-05-20 20:25:46.143111	\N			\N	1	\N
135	1	2018-05-20 20:28:03.218315	\N		4233159319	\N	1	\N
136	1	2018-05-20 20:28:30.192503	\N			\N	1	\N
137	1	2018-05-20 20:28:34.596554	\N		4236186882	\N	1	\N
138	1	2018-05-20 20:29:26.364461	\N			\N	1	\N
139	1	2018-05-20 20:57:41.040331	\N		8505444501,8505459679	\N	1	\N
140	1	2018-05-20 21:02:07.950272	\N		9087972924	\N	1	\N
141	1	2018-05-20 21:04:12.13154	\N			\N	1	\N
142	1	2018-05-20 21:04:36.060892	\N		6462332321	\N	1	\N
143	1	2018-05-20 21:14:50.243599	\N	mvolkers@samhealth.org	5419900282	\N	1	\N
144	1	2018-05-20 21:20:35.195762	\N		3056326839	\N	1	\N
145	1	2018-05-20 21:23:14.912993	\N			\N	1	\N
146	1	2018-05-20 21:24:40.668769	\N		8476245821,3056326839	\N	1	\N
147	1	2018-05-20 21:43:36.093209	\N			\N	1	\N
148	1	2018-05-20 22:33:10.899474	\N		3032173593,9199956871,8167694164	\N	1	\N
149	1	2018-05-21 06:38:15.852086	\N	goura.dewangan@cognizant.com		\N	1	\N
150	1	2018-05-21 08:09:38.567241	\N		19205629390,14148073554	\N	1	\N
151	1	2018-05-21 08:30:06.101895	\N		12059656067,12096128400,18186184205	\N	1	\N
152	1	2018-05-21 14:58:26.282241	\N		6782005288	\N	1	\N
153	1	2018-05-21 14:59:21.945589	\N	vikul@cognizant.com		\N	1	\N
154	1	2018-05-21 21:40:51.074121	\N	amber.marfatia@cognizant.com,gans.sub@gmail.com		\N	1	\N
155	1	2018-05-21 22:06:37.960902	\N		7204311236	\N	1	\N
156	1	2018-05-22 17:22:52.867329	\N		31427668444888,21448408	\N	1	\N
157	1	2018-07-19 15:18:43.372154	\N		9546753170	\N	1	\N
\.


--
-- Name: contact_id_seq; Type: SEQUENCE SET; Schema: public; Owner: root
--

SELECT pg_catalog.setval('contact_id_seq', 157, true);


--
-- Data for Name: coupon; Type: TABLE DATA; Schema: public; Owner: root
--

COPY coupon (id, active, insert_time, name, code, discount_type, discount_amount, min_amount, num_uses_all, uses_per_user, start_time, end_time) FROM stdin;
\.


--
-- Name: coupon_id_seq; Type: SEQUENCE SET; Schema: public; Owner: root
--

SELECT pg_catalog.setval('coupon_id_seq', 1, false);


--
-- Data for Name: credit; Type: TABLE DATA; Schema: public; Owner: root
--

COPY credit (id, active, insert_time, name, description, price, value) FROM stdin;
\.


--
-- Name: credit_id_seq; Type: SEQUENCE SET; Schema: public; Owner: root
--

SELECT pg_catalog.setval('credit_id_seq', 1, false);


--
-- Data for Name: email; Type: TABLE DATA; Schema: public; Owner: root
--

COPY email (id, active, insert_time, email, contact_id) FROM stdin;
\.


--
-- Name: email_id_seq; Type: SEQUENCE SET; Schema: public; Owner: root
--

SELECT pg_catalog.setval('email_id_seq', 1, false);


--
-- Data for Name: gif; Type: TABLE DATA; Schema: public; Owner: root
--

COPY gif (id, active, insert_time, image, frames, contact_id, in_slider) FROM stdin;
44	1	2018-03-02 20:21:53.923443	5a99f8b009bb6.gif	["276","278","279","277"]	9	0
45	1	2018-03-05 09:33:52.116948	5a9d554f1efae.gif	["285","282","284","283"]	14	0
46	1	2018-03-06 16:18:23.696765	5a9f059de6865.gif	["305","303","302","304"]	28	0
47	1	2018-03-08 15:24:08.169857	5aa19be73c618.gif	["326","327","324","325"]	37	0
48	1	2018-03-12 13:13:29.434565	5aa6b5381c577.gif	["331","332","334","333"]	0	0
49	1	2018-03-14 18:16:45.169266	5aa99f4b68c4b.gif	["337","338","339","340"]	41	0
50	1	2018-03-15 09:35:55.384123	5aaa76ba0f216.gif	["341","344","342","343"]	42	0
51	1	2018-03-15 11:08:47.57053	5aaa8c7e2939e.gif	["345","346","348","347"]	43	0
52	1	2018-03-15 11:43:27.067079	5aaa949da8a42.gif	["349","350","351","352"]	0	0
53	1	2018-03-15 17:15:39.379161	5aaae279b0a2a.gif	["353","354","356","355"]	44	0
54	1	2018-03-30 10:52:02.474594	5abe4f0d82732.gif	["369","367","368","366"]	51	0
55	1	2018-04-09 20:11:10.015091	5acc011c14bdf.gif	["370","373","371","372"]	52	0
56	1	2018-04-18 12:36:06.722817	5ad773f55b815.gif	["374","375","376","377"]	53	0
57	1	2018-04-24 16:47:11.020179	5adf97cd101ed.gif	["383","384","385","386"]	61	0
58	1	2018-04-26 15:29:30.577619	5ae22898b0772.gif	["391","389","390","392"]	63	0
59	1	2018-04-26 15:30:32.145459	5ae228d649d37.gif	["395","393","394","396"]	64	0
60	1	2018-04-26 18:41:56.986834	5ae255b2de2e0.gif	["472","473","475","474"]	74	0
61	1	2018-04-26 18:43:40.547782	5ae2561a72671.gif	["479","476","478","477"]	75	0
62	1	2018-04-26 18:51:18.443691	5ae257e4572eb.gif	["480","481","483","482"]	76	0
63	1	2018-04-27 12:08:19.626604	5ae34af1e087c.gif	["491","492","494","493"]	79	0
64	1	2018-05-19 15:26:17.247617	5b007a584c7c2.gif	["515","516","517","518"]	0	0
65	1	2018-05-20 15:39:13.991812	5b01cee040542.gif	["554","556","557","555"]	0	0
66	1	2018-05-20 20:13:17.507748	5b020f1b92537.gif	["585","587","586","588"]	127	0
\.


--
-- Name: gif_id_seq; Type: SEQUENCE SET; Schema: public; Owner: root
--

SELECT pg_catalog.setval('gif_id_seq', 66, true);


--
-- Data for Name: hccsupport; Type: TABLE DATA; Schema: public; Owner: root
--

COPY hccsupport (id, active, insert_time, support_list, phone) FROM stdin;
2	1	2018-05-10 11:55:33.312236	Conference Registration	908-693-3173
3	1	2018-05-10 12:00:46.236021	Sessions	908-838-8373
4	1	2018-05-10 12:01:23.14353	Solution Center	201-401-5212
5	1	2018-05-10 12:01:37.399128	Other	848-448-3210
1	1	2018-05-10 11:53:05.446097	Activities	908-693-3173
\.


--
-- Name: hccsupport_id_seq; Type: SEQUENCE SET; Schema: public; Owner: root
--

SELECT pg_catalog.setval('hccsupport_id_seq', 5, true);


--
-- Data for Name: highlight; Type: TABLE DATA; Schema: public; Owner: root
--

COPY highlight (id, active, insert_time, image, display_order) FROM stdin;
3	0	2018-05-09 10:40:19.929265	5af30852e233a_Screen_Shot_2018_05_08_at_9.16.52_AM.png	3
2	1	2018-05-08 18:41:23.041599	5b01442c96c6e_highlight.jpg	\N
1	1	2018-05-08 18:41:16.645332	5b014443b0656_highlight2.jpg	\N
\.


--
-- Name: highlight_id_seq; Type: SEQUENCE SET; Schema: public; Owner: root
--

SELECT pg_catalog.setval('highlight_id_seq', 3, true);


--
-- Data for Name: jewelry; Type: TABLE DATA; Schema: public; Owner: root
--

COPY jewelry (id, active, insert_time, name, description, price, currency_code, quantity, tags, materials, images, variation, meta_title, meta_keywords, meta_description, metal_colors, metals, total_14kt_price, total_18kt_price, total_plat_price, slug, semi_mount, stone_breakdown, stone_count, weight, diamond_cwwt, diamond_color, diamond_quality, _14kt, _18kt, platinum, setting, polish, melee, ship_from_cast, ship_to_cust, memo_duration) FROM stdin;
\.


--
-- Name: jewelry_id_seq; Type: SEQUENCE SET; Schema: public; Owner: root
--

SELECT pg_catalog.setval('jewelry_id_seq', 1, false);


--
-- Data for Name: map; Type: TABLE DATA; Schema: public; Owner: root
--

COPY map (id, active, insert_time, map_image, display_order) FROM stdin;
2	1	2018-05-10 12:34:52.004361	5af474ab68c95_hotelmaps_3.jpg	1
3	1	2018-05-10 12:35:26.123599	5af474cd85218_hotelmaps_1.jpg	3
4	1	2018-05-10 12:35:38.779832	5af474da306c3_hotelmaps_2.jpg	4
1	1	2018-05-10 12:28:38.525245	5b02cd6ba0d09_Mediterranean_Ballroom_white_monday_update.jpg	2
\.


--
-- Name: map_id_seq; Type: SEQUENCE SET; Schema: public; Owner: root
--

SELECT pg_catalog.setval('map_id_seq', 4, true);


--
-- Data for Name: order; Type: TABLE DATA; Schema: public; Owner: root
--

COPY "order" (id, active, insert_time, bill_first_name, bill_last_name, bill_address, bill_address2, bill_city, bill_state, bill_country, bill_zip, ship_first_name, ship_last_name, ship_address, ship_address2, ship_city, ship_state, ship_country, ship_zip, cc_number, cc_expiration_month, cc_expiration_year, cc_ccv, tax, tax_rate, status, tracking_number, shipping_method, user_id, coupon_code, gift_card, email, shipping_cost, payment_method, subtotal, total, viewed, phone, coupon_type, coupon_amount, note, user_role, ref_num, order_type, signature) FROM stdin;
\.


--
-- Name: order_id_seq; Type: SEQUENCE SET; Schema: public; Owner: root
--

SELECT pg_catalog.setval('order_id_seq', 1, false);


--
-- Data for Name: order_product_option; Type: TABLE DATA; Schema: public; Owner: root
--

COPY order_product_option (id, active, insert_time, order_product_id, data, price) FROM stdin;
\.


--
-- Name: order_product_option_id_seq; Type: SEQUENCE SET; Schema: public; Owner: root
--

SELECT pg_catalog.setval('order_product_option_id_seq', 1, false);


--
-- Data for Name: order_products; Type: TABLE DATA; Schema: public; Owner: root
--

COPY order_products (id, active, insert_time, order_id, quantity, unit_price, product_map_id) FROM stdin;
\.


--
-- Name: order_products_id_seq; Type: SEQUENCE SET; Schema: public; Owner: root
--

SELECT pg_catalog.setval('order_products_id_seq', 1, false);


--
-- Data for Name: page; Type: TABLE DATA; Schema: public; Owner: root
--

COPY page (id, active, insert_time, title, slug, description, featured_image, meta_title, meta_keywords, meta_description, date_modified, content) FROM stdin;
\.


--
-- Name: page_id_seq; Type: SEQUENCE SET; Schema: public; Owner: root
--

SELECT pg_catalog.setval('page_id_seq', 1, false);


--
-- Data for Name: payment_profiles; Type: TABLE DATA; Schema: public; Owner: root
--

COPY payment_profiles (id, active, insert_time, user_id, first_name, last_name, phone, address, address2, city, state, country, zip, cc_number, cc_expiration_month, cc_expiration_year, cc_ccv, label) FROM stdin;
\.


--
-- Name: payment_profiles_id_seq; Type: SEQUENCE SET; Schema: public; Owner: root
--

SELECT pg_catalog.setval('payment_profiles_id_seq', 1, false);


--
-- Data for Name: phone; Type: TABLE DATA; Schema: public; Owner: root
--

COPY phone (id, active, insert_time, phone, contact_id) FROM stdin;
\.


--
-- Name: phone_id_seq; Type: SEQUENCE SET; Schema: public; Owner: root
--

SELECT pg_catalog.setval('phone_id_seq', 1, false);


--
-- Data for Name: product; Type: TABLE DATA; Schema: public; Owner: root
--

COPY product (id, active, insert_time, name, sku, price, meta_title, meta_keywords, meta_description, featured_image, colors, featured, shape, clarity, weight, lab, cut_grade, polish, symmetry, fluor, rapaport_price, total, certificate, length, width, depth, depth_percent, table_percent, girdle, culet, description, origin, memo_status, inscription, certificate_file, slug, wholesale_price, video_link, quantity, memo_duration, vendor, discount) FROM stdin;
\.


--
-- Data for Name: product_categories; Type: TABLE DATA; Schema: public; Owner: root
--

COPY product_categories (id, active, insert_time, category_id, product_map_id) FROM stdin;
\.


--
-- Name: product_categories_id_seq; Type: SEQUENCE SET; Schema: public; Owner: root
--

SELECT pg_catalog.setval('product_categories_id_seq', 1, false);


--
-- Name: product_id_seq; Type: SEQUENCE SET; Schema: public; Owner: root
--

SELECT pg_catalog.setval('product_id_seq', 7, true);


--
-- Data for Name: product_images; Type: TABLE DATA; Schema: public; Owner: root
--

COPY product_images (id, active, insert_time, image, display_order, product_map_id) FROM stdin;
\.


--
-- Name: product_images_id_seq; Type: SEQUENCE SET; Schema: public; Owner: root
--

SELECT pg_catalog.setval('product_images_id_seq', 1, false);


--
-- Data for Name: product_map; Type: TABLE DATA; Schema: public; Owner: root
--

COPY product_map (id, active, insert_time, product_id, product_type_id) FROM stdin;
\.


--
-- Name: product_map_id_seq; Type: SEQUENCE SET; Schema: public; Owner: root
--

SELECT pg_catalog.setval('product_map_id_seq', 5, true);


--
-- Data for Name: question; Type: TABLE DATA; Schema: public; Owner: root
--

COPY question (id, active, insert_time, text, failure_text, image, correct_answer_id, display_order) FROM stdin;
8	0	2018-02-28 11:25:27.281899	By 2021, how much will the healthcare industry spend on cloud?	Incorrect	\N	39	8
7	0	2018-02-28 11:23:42.342857	What was the largest ransomware ever paid?	Incorrect	\N	33	7
6	0	2018-02-28 11:22:57.981443	What type of cloud infrastructure will see massive adoption by 2020, capturing 90 percent of organizations?	Incorrect	\N	30	6
5	0	2018-02-28 11:22:09.649587	What word does the famous Las Vegas sign use to describe the city?	Incorrect	\N	26	5
4	0	2018-02-28 11:20:37.500743	What are the main concerns for healthcare providers migrating to the cloud?	Incorrect	\N	25	4
3	0	2018-02-28 11:19:03.756033	How tall (in feet) is the Empire State Building?	Incorrect	\N	20	3
2	0	2018-02-28 11:17:08.388549	How often is a company hit with ransomware?	Incorrect	\N	16	2
1	0	2018-02-28 11:06:01.280783	What is currently the largest hotel in the United States?	Incorrect	\N	9	1
9	1	2018-04-30 11:04:29.934809	System Implementations are an IT only exercise?	Incorrect Answer	\N	42	1
10	1	2018-04-30 11:08:23.705261	In QNXT, a Provider record can contain multiple Fed ID numbers?	Incorrect Answer	\N	45	2
11	1	2018-04-30 11:09:49.952836	Most suitable type of Blockchain in Healthcare is private-permissioned?	Incorrect Answer	\N	47	3
12	1	2018-04-30 11:10:39.347844	What does the “D” represent in the Provider & Health Systems pillar?	Incorrect Answer	\N	48	4
13	1	2018-04-30 11:12:35.043681	TriZetto Learning Services developments customized courses?	Incorrect Answer	\N	51	5
14	1	2018-04-30 11:15:51.616486	Facets Insights Leverages Big Data, Machine Learning and IoT?	Incorrect Answer	\N	53	6
15	1	2018-04-30 11:16:25.575897	QicLink Customer Service module offers 3 new features; Tooth history, call log & NPI inquiry search?	Incorrect Answer	\N	55	7
16	1	2018-04-30 11:19:06.867829	According to CAQH, average cost for one Prior Authorization?	Incorrect Answer	\N	56	8
\.


--
-- Name: question_id_seq; Type: SEQUENCE SET; Schema: public; Owner: root
--

SELECT pg_catalog.setval('question_id_seq', 16, true);


--
-- Data for Name: ring; Type: TABLE DATA; Schema: public; Owner: root
--

COPY ring (id, active, insert_time, name, price, default_metal, default_color, dwt, semi_mount_weight, stone_breakdown, center_stone_weight, center_stone_shape, total_stones, semi_mount_diamond_weight, diamond_color, diamond_quality, cost_per_dwt, fourteenkt_gold_price, eighteenkt_gold_price, platinum_price, website_fourteenkt_gold_price, website_eighteenkt_gold_price, website_platinum_price, slug, min_carat, max_carat, shape, video_link, metals, colors, metal_colors, setting_labor, center_stone_setting_labor, polish_labor, head_to_add, melee_cost, shipping_from_cast, shipping_to_customer, total_14kt_cost, total_18kt_cost, total_plat_cost, setting_style, options, alias, meta_title, meta_keywords, meta_description, description, memo_duration) FROM stdin;
\.


--
-- Name: ring_id_seq; Type: SEQUENCE SET; Schema: public; Owner: root
--

SELECT pg_catalog.setval('ring_id_seq', 1, false);


--
-- Data for Name: ring_material; Type: TABLE DATA; Schema: public; Owner: root
--

COPY ring_material (id, active, insert_time, name, price, min_size, max_size, size_step, size_step_price) FROM stdin;
\.


--
-- Name: ring_material_id_seq; Type: SEQUENCE SET; Schema: public; Owner: root
--

SELECT pg_catalog.setval('ring_material_id_seq', 1, false);


--
-- Data for Name: role; Type: TABLE DATA; Schema: public; Owner: root
--

COPY role (id, active, insert_time, name) FROM stdin;
1	1	2015-08-21 12:05:07.458	admin
3	1	2015-08-21 12:05:07.458	provider
2	1	2015-08-21 12:05:07.458	customer
4	1	2016-03-07 18:47:03.590473	wholesale
\.


--
-- Name: role_id_seq; Type: SEQUENCE SET; Schema: public; Owner: root
--

SELECT pg_catalog.setval('role_id_seq', 1, false);


--
-- Data for Name: session; Type: TABLE DATA; Schema: public; Owner: root
--

COPY session (id, active, insert_time, title, date_time) FROM stdin;
1	1	2018-05-10 20:42:00.974908	Golf	152686080
2	1	2018-05-10 20:42:00.974908	CareAdvance Open Forum	152694990
3	1	2018-05-10 20:42:00.974908	Facets General Session	152694990
4	1	2018-05-10 20:42:00.974908	Government Solutions and Elements General Session - Opening Session and Strategy Overview	152694990
5	1	2018-05-10 20:42:00.974908	Life Sciences General Session – The Convergence of Life Sciences and Healthcare	152694990
6	1	2018-05-10 20:42:00.974908	QicLink General Session	152694990
7	1	2018-05-10 20:42:00.974908	QNXT General Session	152694990
8	1	2018-05-10 20:42:00.974908	Enhancing Support for Storing Accumulator Values	152694900
9	1	2018-05-10 20:42:00.974908	QicLink Roadmap – An In-Depth Look at Changes and Enhancements	152694900
10	1	2018-05-10 20:42:00.974908	QNXT in the Cloud	1526949000
11	1	2018-05-10 20:42:00.974908	Blockchain – Foundational Technology to Connect Life Sciences and Healthcare	1526949000
12	1	2018-05-10 20:42:00.974908	Automation in PBM and Pharmacy World	1526949000
13	1	2018-05-10 20:42:00.974908	New Aims to Drive Precision Medicine Forward	1526949000
14	1	2018-05-10 20:42:00.974908	Provider Sponsored Health Plans: Creating Strategic Differentiation From Standalone Payers Through Partnership Between Payer and Clinicians	1526949000
15	1	2018-05-10 20:42:00.974908	What's New and Coming in NetworX?	1526949000
16	1	2018-05-10 20:42:00.974908	What's New and Exciting on the TriZetto Elements TMS Roadmap?	1526949000
17	1	2018-05-10 20:42:00.974908	What's New and Exciting on the TriZetto Elements EDM Roadmap?	1526949000
18	1	2018-05-10 20:42:00.974908	Getting Value Out of Facets in Claims, Workflow and System Features	1526949000
19	1	2018-05-10 20:42:00.974908	Facets Roadmap 12-24 Months	1526949000
20	1	2018-05-10 20:42:00.974908	HPA Robots: Roadmap and Overview	1526949000
21	1	2018-05-10 20:42:00.974908	Getting Value Out of Facets in Billing, Membership, CDH, HIPAA Gateway and EDI	1526949000
22	1	2018-05-10 20:42:00.974908	CareAdvance- Today and Tomorrow	1526949000
23	1	2018-05-10 20:42:00.974908	Streamline Your Claims Repricing Processes, Save Time, and Reduce Costs with the ClaimsExchange® Service	1526949000
24	1	2018-05-10 20:42:00.974908	Think Small: Learning Strategies for Individuals and Teams	1526949000
25	1	2018-05-10 20:42:00.974908	Using Analytics to Drive Automation in Operations	1526949000
26	1	2018-05-10 20:42:00.974908	The Amazon Effect': Re-thinking Health Plan Business Models for the Emerging On-Demand Digital Economy	1526949000
27	1	2018-05-10 20:42:00.974908	Becoming Human Centered: How to Make the Shift to Human Centricity Across the Entire Enterprise	1526949000
28	1	2018-05-10 20:42:00.974908	Using Artificial Intelligence to Drive Precision Engagement	1526949000
29	1	2018-05-10 20:42:00.974908	TruProvider - A Comprehensive Provider Management Solution	1526949000
30	1	2018-05-10 20:42:00.974908	CareAdvance - Fun with Forms - (Lunch Session)	1526949000
31	1	2018-05-10 20:42:00.974908	Pricing and Contract Transparency: Payer-Provider Collaboration Model to Help Manage Denials and Payment Issues Efficiently	1526949000
32	1	2018-05-10 20:42:00.974908	Risk Adjustment, Quality and NLP – Leveraging Technology to Reduce Costs and Improve Accuracy	1526949000
33	1	2018-05-10 20:42:00.974908	Warming Patient Engagement with Digital	1526949000
34	1	2018-05-10 20:42:00.974908	Revenue Cycle Management (RCM) 2.0	1526949000
35	1	2018-05-10 20:42:00.974908	Looking at Provider Data Management Holistically	1526949000
36	1	2018-05-10 20:42:00.974908	Training Demonstration: QNXT Curriculum	1526949000
37	1	2018-05-10 20:42:00.974908	Care Management with QNXT	1526949000
38	1	2018-05-10 20:42:00.974908	Care Management with Facets	1526949000
39	1	2018-05-10 20:42:00.974908	Getting Value Out of Facets in Billing, Membership, CDH, HIPAA Gateway and EDI	1526949000
40	1	2018-05-10 20:42:00.974908	Finding the Clues to Identify Training Data	1526949000
41	1	2018-05-10 20:42:00.974908	HPA Facets User Panel	1526949000
42	1	2018-05-10 20:42:00.974908	Facets Roadmap 12-24 Months	1526949000
43	1	2018-05-10 20:42:00.974908	Getting Value Out of Facets in Claims, Workflow and System Features	1526949000
44	1	2018-05-10 20:42:00.974908	BOSS - The Support 2020 Vision	1526949000
45	1	2018-05-10 20:42:00.974908	Driving Double Digit NCQA HEDIS Score Improvement for Large National Health Plan – ClaimSphere HEDIS® Case Study	1526949000
46	1	2018-05-10 20:42:00.974908	New Pricing Automation Solutions in QNXT with NetworX	1526949000
47	1	2018-05-10 20:42:00.974908	Connected Health Record: Focusing on a Comprehensive Care Record in a Payvider Environment	1526949000
48	1	2018-05-10 20:42:00.974908	Elements (TMS) Technology Overview	1526949000
49	1	2018-05-10 20:42:00.974908	Elements (EDM) Technology Overview	1526949000
50	1	2018-05-10 20:42:00.974908	Facets Insights	1526949000
51	1	2018-05-10 20:42:00.974908	Government Programs: The Way Forward	1526949000
52	1	2018-05-10 20:42:00.974908	The Government Health Plan Landscape:  What Does it Mean for You?	1526949000
53	1	2018-05-10 20:42:00.974908	QicLink Enrollment Integration & TranZform	1526949000
54	1	2018-05-10 20:42:00.974908	Improving Your Plan Building Auditing Capabilities	1526949000
55	1	2018-05-10 20:42:00.974908	Introducing myQNXT: A Cloud-Based SaaS Solution	1526949000
56	1	2018-05-10 20:42:00.974908	QNXT Workflow Solutions for Claim, Appeals & Grievance and Utilization Management	1526949900
57	1	2018-05-10 20:42:00.974908	Roundtable Discussion -Using HIPAA EDI Transactions and CAQH CORE Processing in QicLink	1526949900
58	1	2018-05-10 20:42:00.974908	Roundtable Discussion – QicLink Exception Processing	1526949900
59	1	2018-05-10 20:42:00.974908	QNXT and DevOps	1526949900
60	1	2018-05-10 20:42:00.974908	Facets Cloud	1526949900
61	1	2018-05-10 20:42:00.974908	Touchless Prior Authorizations – Driving Administrative Efficiencies and Improving Continuity of Care	1526949900
62	1	2018-05-10 20:42:00.974908	NetworX Value-Based Payment Solutions	1526949900
63	1	2018-05-10 20:42:00.974908	Sophisticate the Benefit Administration	1526949900
64	1	2018-05-10 20:42:00.974908	Bringing Human Empathy and Data Sciences Together to Improve Patient Outcomes	1526949900
65	1	2018-05-10 20:42:00.974908	New Product Developments to Help Streamline Medicare Enrollment and Reconciliation with Enrollment Administration Manager (EAM) and Financial Reconciliation 'Manager (FRM)	1526949900
66	1	2018-05-10 20:42:00.974908	EDM Product Highlight - Understanding, Forecasting and Reconciling Your EDPS and RAPS Data to Ensure Accurate Reimbursement in Medicare	1526949900
67	1	2018-05-10 20:42:00.974908	Communities of Practice (CoP) - Customer Exchange	1526949900
68	1	2018-05-10 20:42:00.974908	Facets Open Access - An Integration Platform to Fuel Automation	1526949900
69	1	2018-05-10 20:42:00.974908	Facets Billing 360 - Your Billing Information Simplified	1526949900
70	1	2018-05-10 20:42:00.974908	HPA QNXT User Panel	1526949900
71	1	2018-05-10 20:42:00.974908	Stop the Armageddon and Better Manage Configuration Data	1526949900
72	1	2018-05-10 20:42:00.974908	CareAdvance – Automate Your Testing	1526949900
73	1	2018-05-10 20:42:00.974908	CareAdvance- Enabling Provider Decision Support	1526949900
74	1	2018-05-10 20:42:00.974908	Training Demonstration: Facets Curriculum	1526949900
75	1	2018-05-10 20:42:00.974908	What Does “Digital” Mean for Operations?	1526949900
76	1	2018-05-10 20:42:00.974908	Value-Based Care in the Digital Age	1526949900
77	1	2018-05-10 20:42:00.974908	21 Jobs of the Future	1526949900
78	1	2018-05-10 20:42:00.974908	Engaging Healthcare Constituents with TranZform Systems of Engagement	1526949900
79	1	2018-05-10 20:42:00.974908	TruProvider - A Comprehensive Provider Management Solution	1526949900
80	1	2018-05-10 20:42:00.974908	Adopting Cloud Security for HealthCare & Lifesciences Clients	1526949900
81	1	2018-05-10 20:42:00.974908	The Need for a Systems of Intelligence Platform: Big Decisions	1526948100
82	1	2018-05-10 20:42:00.974908	Bringing Better Engagement: Supporting the Care Process with Digital Therapeutics	1526948100
83	1	2018-05-10 20:42:00.974908	How Health Systems are Using Digital Platforms to Address Readmissions and the Social Determinants of Health	1526948100
84	1	2018-05-10 20:42:00.974908	CareAdvance – UM Workflow Automation	1526948100
85	1	2018-05-10 20:42:00.974908	CareAdvance – Our Journey for Continual Improvement	1526948100
86	1	2018-05-10 20:42:00.974908	Catching the Phantom That is Testing Data	1526948100
87	1	2018-05-10 20:42:00.974908	HPA Robots: QicLink Edition	1526948100
88	1	2018-05-10 20:42:00.974908	Advancing Facets Communication to Meet Your Needs	1526948100
89	1	2018-05-10 20:42:00.974908	ClaimSphere Powered by Facets Data Publishing	1526948100
90	1	2018-05-10 20:42:00.974908	Facets Benefit 360 - Automating Benefit Administration	1526948100
91	1	2018-05-10 20:42:00.974908	Ensuring Accurate Risk Adjustment Payments with the Elements Risk Adjustment Manager (RAM) and Risk Score Manager (RSM) Products	1526948100
92	1	2018-05-10 20:42:00.974908	EDM - The Year of the Upgrades to our Next Generation Release!	1526948100
93	1	2018-05-10 20:42:00.974908	Upgrading the Mojo of Legacy Environment	1526948100
94	1	2018-05-10 20:42:00.974908	Value-Based Contracting and TranZform – Connecting Healthcare and Life Sciences for Better Outcomes and Access	1526948100
95	1	2018-05-10 20:42:00.974908	NetworX Pricer Best Practices and Techniques	1526948100
96	1	2018-05-10 20:42:00.974908	NetworX DevOps and Cloud Strategy	1526948100
97	1	2018-05-10 20:42:00.974908	SMART RCM is a New Methodology to Truly Transform the Revenue Cycle of the Future	1526948100
98	1	2018-05-10 20:42:00.974908	MACRA: MIPS, Advanced APM and Evolving Trend Towards at Risk Payment Arrangements	1526948100
99	1	2018-05-10 20:42:00.974908	Facets Security	1526948100
100	1	2018-05-10 20:42:00.974908	The Technology Behind myQNXT	1526948100
101	1	2018-05-10 20:42:00.974908	Roundtable Discussion - QicLink Technical Security	1526948100
102	1	2018-05-10 20:42:00.974908	Roundtable Discussion - Increasing QicLink Automation	1526948100
103	1	2018-05-10 20:42:00.974908	Introducing Claim Audit in to QNXT Claim Workflow	1526948100
104	1	2018-05-10 20:42:00.974908	Improving Usability with the QNXT Home Page, Benefit & Configuration Modules	1526948100
105	1	2018-05-10 20:42:00.974908	QicLink Meet and Greet	1526949000
106	1	2018-05-10 20:42:00.974908	Adopting Cloud Security for HealthCare & Lifesciences Clients	1527036300
107	1	2018-05-10 20:42:00.974908	TruProvider - A Comprehensive Provider Management Solution	1527036300
108	1	2018-05-10 20:42:00.974908	Accelerate the Welcome Season Benefits Administration	1527036300
109	1	2018-05-10 20:42:00.974908	Introducing myQNXT	1527036300
110	1	2018-05-10 20:42:00.974908	Enhancing QNXT Audit & Logging Capabilities	1527036300
111	1	2018-05-10 20:42:00.974908	3rd Party Partner Solutions Read-Out	1527036300
112	1	2018-05-10 20:42:00.974908	Roundtable Discussion - Using APIs in QicLink	1527036300
113	1	2018-05-10 20:42:00.974908	Default Plan - Be Enlightened and Streamline Your Plan Building - QicLink	1527036300
114	1	2018-05-10 20:42:00.974908	Adoption of Cloud Computing in Healthcare and the Patient Protection and Affordable Care Act (PPACA)	1527036300
115	1	2018-05-10 20:42:00.974908	NetworX Modeler & Analytics - What's New, What's Coming and a Client Upgrade Experience - Excellus BCBS	1527036300
116	1	2018-05-10 20:42:00.974908	Intelligent EDI – Putting Decisions into the Workflow	1527036300
117	1	2018-05-10 20:42:00.974908	EHR Use Case in Life Sciences: Speeding Clinical Development	1527036300
118	1	2018-05-10 20:42:00.974908	Healthcare Through the Prism of Technology Innovations	1527036300
119	1	2018-05-10 20:42:00.974908	Everything You Need to Know (and what we have learned) About the HIC to MBI Transition	1527036300
120	1	2018-05-10 20:42:00.974908	EDM Markets Strategy - Rules, Tags and Compliance, Oh My!	1527036300
121	1	2018-05-10 20:42:00.974908	Digital Care Quality: Engaging BIG Data, Cognitive Computing and Real Time Action to Innovate Patient Experience – ClaimSphere NextGen	1527036300
122	1	2018-05-10 20:42:00.974908	Introducing CareAdvance Collaborate	1527036300
123	1	2018-05-10 20:42:00.974908	Incentivizing Members to Drive Healthy Behavior with Improved Quality	1527036300
124	1	2018-05-10 20:42:00.974908	Voice of the Digital Health Plan Member Survey - 2017 Results for Commercial, Medicaid and Medicare Members	1527036300
125	1	2018-05-10 20:42:00.974908	Value-Based Care with Smart, Connected Products	1527036300
126	1	2018-05-10 20:42:00.974908	The Business Case for Warm Care/Warm Care Design Principles	1527036300
127	1	2018-05-10 20:42:00.974908	Blockchain and Healthcare	1527034500
128	1	2018-05-10 20:42:00.974908	Connected Compliance	1527034500
129	1	2018-05-10 20:42:00.974908	Strategic Cost Reduction through Business Optimization and Automation	1527034500
130	1	2018-05-10 20:42:00.974908	Creating Risk-Based, Data-Driven UM Automation Easier Than Ever Before - Cambia	1527034500
131	1	2018-05-10 20:42:00.974908	Hosting Datacenter Technology Overview	1527034500
132	1	2018-05-10 20:42:00.974908	CareAdvance and QNXT Embedded UM: A Seamless Partnership and Cognizant Digital Transformation at Its Best! - Neighborhood HealthPlan	1527034500
133	1	2018-05-10 20:42:00.974908	Is Production Data in Your Non-Production Environment Putting you at Risk? (WPS)	1527034500
134	1	2018-05-10 20:42:00.974908	Streamline Claims Processing Operations Using Facets Real-Time Claim Processing Services - Anthem	1527034500
135	1	2018-05-10 20:42:00.974908	Facets Feature Adoption Panel - BCBS of Rhode Island, BCBS of Tennessee & Select Health	1527034500
136	1	2018-05-10 20:42:00.974908	The Secrets to Reliable, Trustworthy Data Revealed! - Informatica	1527034500
137	1	2018-05-10 20:42:00.974908	Achieving a Successful Payment Accuracy Strategy for QNXT:  Proven Migration/Integration Approaches - Change Healthcare	1527034500
138	1	2018-05-10 20:42:00.974908	What's New with the Optum/NetworX Interface?	1527034500
139	1	2018-05-10 20:42:00.974908	Success in the New Value-Based Healthcare World: A 360-Degree View of the Patient with a True Longitudinal Record	1527034500
140	1	2018-05-10 20:42:00.974908	Early Detection for Prevention or Delay in Disease Onset	1527034500
141	1	2018-05-10 20:42:00.974908	Improving the Member Experience: The Evolution of Member Communication; Best Practices for Health Plans and Payers - RedCard	1527034500
142	1	2018-05-10 20:42:00.974908	Infrastructure, Platform, Deployment and More	1527034500
143	1	2018-05-10 20:42:00.974908	Attaining 5 STARS Rating for Clinical Measures in 120 days, Powered by Clinical+,  Payer-Provider Convergence Platform - A Case Study - Ultimate Health Plan	1527034500
144	1	2018-05-10 20:42:00.974908	QicLink and Zelis Healthcare Partner to Provide New Clinical Editing Solution	1527034500
145	1	2018-05-10 20:42:00.974908	QNXT Claim Workflow Panel Discussion - Cox Health Plans, Health Plan of San Joaquin, Network Health, PHPNI & Santa Clara	1527034500
146	1	2018-05-10 20:42:00.974908	Striking the Right Harmony Through IT Life Cycle Transformation for Healthcare Compliance and Security	1527034500
147	1	2018-05-10 20:42:00.974908	Empowering Health: Microsoft Innovation In the Health Plan Industry	1527034500
148	1	2018-05-10 20:42:00.974908	Transformation Journey & Fee Schedule Automation - CareSource	1527034500
149	1	2018-05-10 20:42:00.974908	Impacting Healthcare Experiences - CISCO	1527035400
150	1	2018-05-10 20:42:00.974908	Real-Life Best Practices for Managing the Workflow Complexities of Medicare Member Changes - Viva Health Plan	1527035400
151	1	2018-05-10 20:42:00.974908	UM Turnaround Time Calculations - CareSource	1527035400
152	1	2018-05-10 20:42:00.974908	Simplifying Upgrades with Application Release Services - MMM	1527035400
153	1	2018-05-10 20:42:00.974908	QNXT Tips & Tricks: Part 2 - Cox Health Plans	1527035400
154	1	2018-05-10 20:42:00.974908	Putting the BOSS to Work - El Paso	1527035400
155	1	2018-05-10 20:42:00.974908	QicPac - How Clients are Using QicPac to Improve Automation	1527035400
156	1	2018-05-10 20:42:00.974908	EDM Next Generation - A Successful Self-Directed Implementation - AmeriHealth Caritas	1527035400
157	1	2018-05-10 20:42:00.974908	Streaming Real Time Care Intelligence for Driving Meaningful Interventions Across Patient Touchpoints – ClaimSphere HEDIS® Case Study	1527035400
158	1	2018-05-10 20:42:00.974908	End-to-End, Provider and Institutional Billing: Increasing Revenues, Streamlining Operational Efficiencies and Improving the Bottom Line	1527035400
159	1	2018-05-10 20:42:00.974908	How to Launch a Bundled Payment Program	1527035400
160	1	2018-05-10 20:42:00.974908	Enhance Member Engagement and Brand Awareness Through Deeper Healthcare Spending Account Integrations and Use of Robust Consumer Spending Data - WexHealth	1527035400
161	1	2018-05-10 20:42:00.974908	Facets Accumulators Panel - BCBS of Kansas City, Capital Blue Cross & HealthNow NY	1527035400
162	1	2018-05-10 20:42:00.974908	Automation of Rejected and Voided Claims Using Facets Batch Recall - AmeriHealth	1527035400
163	1	2018-05-10 20:42:00.974908	Configuration Data Changes – the Perpetual Motion Machine ( CIGNA)	1527035400
164	1	2018-05-10 20:42:00.974908	Payment Accuracy: An End-to-End Approach That Will Impact Your Bottom Line - Change Healthcare	1527035400
165	1	2018-05-10 20:42:00.974908	Real Talk About Real Time CareAdvance Tasks Using Web Services - Arkansas BCBS	1527035400
166	1	2018-05-10 20:42:00.974908	Value-Based Benefits for Member at BCBS of Tennessee: Member Incentive Program Winners and Losers from the Last Decade - BCBS of Tennessee	1527035400
167	1	2018-05-10 20:42:00.974908	Digitally Bending the Compliance Cost Curve for Government Programs	1527035400
168	1	2018-05-10 20:42:00.974908	Insight to Code: Building What Your Clients Truly Need	1527035400
169	1	2018-05-10 20:42:00.974908	Achieving Better Outcomes: Personalization in Healthcare	1527035400
170	1	2018-05-10 20:42:00.974908	Supporting the Patient, Provider, and Knowledge Worker through Augmented Intelligence, a How-To Guide for Successful Conversational AI	1527035400
171	1	2018-05-10 20:42:00.974908	From Data to Insights & Outcomes: Orchestrating Next-Generation Care Models	1527035400
172	1	2018-05-10 20:42:00.974908	Reorganizing Portfolio Delivery for the Digital World	1527035400
173	1	2018-05-10 20:42:00.974908	Experience Matters: Understanding Chronicity to Design for Care	1527035400
174	1	2018-05-10 20:42:00.974908	Leveraging Automation and AI to Enable Your Digital Transformation	1527035400
175	1	2018-05-10 20:42:00.974908	The Dynamics of the PBM Marketplace – What Does the Future Hold? CIGNA/ESI; Aetna/CVS; Centene/ Another Sign of Healthcare's Emerging Smarter, Tighter Value Chain	1527035400
176	1	2018-05-10 20:42:00.974908	Leveraging Cloud to Accelerate Next Generation Healthcare Business	1527035400
177	1	2018-05-10 20:42:00.974908	CareAdvance in Support of Value-Based Care through PCMH - BCBS of Tennessee	1527035400
178	1	2018-05-10 20:42:00.974908	Frankenstein's Test Data Management Solution	1527035400
179	1	2018-05-10 20:42:00.974908	Tomorrow's Solutions For Today's Payors - Integrations, Intelligent Claim Routing, and Machine Learning - Zelis Healthcare	1527035400
180	1	2018-05-10 20:42:00.974908	What is My Claims Out of Pocket Cost – NOW! - Eyemed	1527035400
181	1	2018-05-10 20:42:00.974908	Facets Running on Oracle Exadata with Site Reliability Engineering to Make a Stable Platform - United Healthcare	1527035400
182	1	2018-05-10 20:42:00.974908	Managing and Automating Faxes and Document Requests with OnBase	1527035400
183	1	2018-05-10 20:42:00.974908	Addressing Emerging Cost Trends Through Technology Innovations - Optum	1527035400
184	1	2018-05-10 20:42:00.974908	QicLink Roundtable Discussions	1527035400
185	1	2018-05-10 20:42:00.974908	QNXT Provider Best Practices - Senior Whole Health	1527035400
186	1	2018-05-10 20:42:00.974908	How to Leverage QNXT User Access Groups in Your Organization - Cigna-HealthSpring	1527035400
187	1	2018-05-10 20:42:00.974908	QXI Best Practices - LA Care	1527035400
188	1	2018-05-10 20:42:00.974908	Start Your Membership Engines! - Eyemed	1527035400
189	1	2018-05-10 20:42:00.974908	Soups to Nuts Digital TranZformation for At-Risk Payers and Providers Through a Common ACO Platform - Mt. Sinai	1527035400
190	1	2018-05-10 20:42:00.974908	Kickoff and Roundtable Discussion of the Elements Client Advisory Subcommittee - QualChoice	1527035400
191	1	2018-05-10 20:42:00.974908	Conquering Open Enrollment - Blue Shield of California	1527035400
\.


--
-- Name: session_id_seq; Type: SEQUENCE SET; Schema: public; Owner: root
--

SELECT pg_catalog.setval('session_id_seq', 191, true);


--
-- Data for Name: shipping_method; Type: TABLE DATA; Schema: public; Owner: root
--

COPY shipping_method (id, active, insert_time, is_default, name, cart_subtotal_range_min, cost) FROM stdin;
\.


--
-- Name: shipping_method_id_seq; Type: SEQUENCE SET; Schema: public; Owner: root
--

SELECT pg_catalog.setval('shipping_method_id_seq', 1, false);


--
-- Data for Name: snapshot_contact; Type: TABLE DATA; Schema: public; Owner: root
--

COPY snapshot_contact (id, active, insert_time, image, contact_id, in_slider) FROM stdin;
244	1	2018-02-27 18:01:17.619892	5a95e33badb08.png	0	0
245	1	2018-02-27 18:01:38.920422	5a95e35176104.png	1	0
246	1	2018-02-27 18:04:54.687943	5a95e415047f4.png	0	0
247	1	2018-02-27 18:05:00.769934	5a95e41b505b8.png	2	0
248	1	2018-02-27 18:24:04.314069	5a95e892cfb53.png	0	0
249	1	2018-02-27 18:24:42.442693	5a95e8b8b8476.png	3	0
250	1	2018-02-27 18:26:56.806758	5a95e93ed8552.png	4	0
251	1	2018-02-27 18:34:21.267339	5a95eafbc14be.png	5	0
252	1	2018-02-28 12:12:01.069748	5a96e2dee93d9.png	6	0
253	1	2018-02-28 12:13:08.10002	5a96e3220210e.png	0	0
254	1	2018-03-01 12:09:28.936822	5a9833c84aad3.png	0	0
255	1	2018-03-01 12:29:46.320726	5a983889abfd8.png	0	0
256	1	2018-03-01 12:35:32.585524	5a9839e3eb10c.png	0	0
257	1	2018-03-01 12:38:22.570627	5a983a8de7e98.png	0	0
258	1	2018-03-01 15:49:04.656989	5a98673fd6532.png	0	0
259	1	2018-03-01 15:49:07.1764	5a98674264094.png	0	0
260	1	2018-03-01 15:53:23.768659	5a98684301d4a.png	0	0
261	1	2018-03-01 15:54:47.362575	5a986896928d7.png	0	0
262	1	2018-03-01 15:55:40.26915	5a9868cb7aee7.png	0	0
263	1	2018-03-01 16:29:07.556116	5a9870a2b9ffe.png	0	0
264	1	2018-03-01 18:05:40.381441	5a98874375c80.png	0	0
265	1	2018-03-01 18:06:01.527196	5a9887589db1f.png	7	0
266	1	2018-03-02 20:17:13.718651	5a99f797d4b7d.png	0	0
267	1	2018-03-02 20:17:20.06953	5a99f79e37b3b.png	8	0
268	1	2018-03-02 20:18:06.883665	5a99f7cd09a31.png	0	0
269	1	2018-03-02 20:18:06.998078	5a99f7cd268c0.png	0	0
270	1	2018-03-02 20:18:07.106581	5a99f7cd3ff8a.png	0	0
271	1	2018-03-02 20:18:07.51765	5a99f7cda5622.png	0	0
272	1	2018-03-02 20:20:22.043508	5a99f85430ca1.png	0	0
273	1	2018-03-02 20:20:24.011204	5a99f856286ec.png	0	0
274	1	2018-03-02 20:20:24.260792	5a99f85666df5.png	0	0
275	1	2018-03-02 20:20:24.327405	5a99f856767cc.png	0	0
276	0	2018-03-02 20:21:37.690748	5a99f89fcd86c.png	0	0
278	0	2018-03-02 20:21:39.686365	5a99f8a1cd8cd.png	0	0
279	0	2018-03-02 20:21:39.761364	5a99f8a1dff3a.png	0	0
277	0	2018-03-02 20:21:39.424375	5a99f8a18e19e.png	0	0
280	1	2018-03-04 22:01:29.907149	5a9cb30860899.png	10	0
314	1	2018-03-06 17:33:50.917635	5a9f174d2577d.png	0	0
315	1	2018-03-06 17:35:07.705268	5a9f1799e5ade.png	0	0
281	1	2018-03-04 22:29:05.689183	5a9cb9802d722.png	13	0
285	0	2018-03-05 09:33:41.003285	5a9d55440bed0.png	0	0
282	0	2018-03-05 09:33:40.425434	5a9d55434ef3e.png	0	0
284	0	2018-03-05 09:33:40.787599	5a9d5543c8562.png	0	0
283	0	2018-03-05 09:33:40.673491	5a9d55438da76.png	0	0
286	1	2018-03-05 10:02:46.75616	5a9d5c15be045.png	0	0
287	1	2018-03-05 14:54:51.205935	5a9da08a008b0.png	15	0
288	1	2018-03-05 22:10:15.693815	5a9e06962a951.png	0	0
289	1	2018-03-05 22:10:15.760917	5a9e069643ae6.png	0	0
290	1	2018-03-05 22:12:17.494576	5a9e070ff1250.png	0	0
291	1	2018-03-05 22:12:18.9308	5a9e0711691ce.png	0	0
292	1	2018-03-05 22:12:23.882805	5a9e07165d41a.png	0	0
293	1	2018-03-05 22:12:40.905977	5a9e072763ae0.png	0	0
294	1	2018-03-06 13:56:54.503573	5a9ee474bfe22.png	23	0
295	1	2018-03-06 14:13:18.283012	5a9ee84ca25be.png	0	0
296	1	2018-03-06 14:13:21.681088	5a9ee8501227a.png	0	0
297	1	2018-03-06 14:13:23.905182	5a9ee85245c2e.png	0	0
298	1	2018-03-06 14:13:24.753651	5a9ee85323aea.png	0	0
299	1	2018-03-06 15:58:07.233768	5a9f00dd80f6d.png	27	0
300	1	2018-03-06 16:16:35.426443	5a9f0531abbc5.png	0	0
301	1	2018-03-06 16:16:49.618022	5a9f053fe1040.png	0	0
305	0	2018-03-06 16:17:51.570028	5a9f057dd534e.png	0	0
303	0	2018-03-06 16:17:49.942994	5a9f057c3c7d4.png	0	0
302	0	2018-03-06 16:17:49.080873	5a9f057b5b0fd.png	0	0
304	0	2018-03-06 16:17:50.037928	5a9f057c54050.png	0	0
306	1	2018-03-06 16:51:51.54835	5a9f0d75c8e31.png	0	0
307	1	2018-03-06 16:51:53.195686	5a9f0d7774180.png	0	0
308	1	2018-03-06 16:51:55.595956	5a9f0d79d4f72.png	0	0
309	1	2018-03-06 16:51:59.275985	5a9f0d7d8533d.png	0	0
310	1	2018-03-06 17:11:14.300975	5a9f120051509.png	0	0
311	1	2018-03-06 17:11:17.885166	5a9f120421faf.png	0	0
312	1	2018-03-06 17:11:22.768244	5a9f120903df1.png	0	0
313	1	2018-03-06 17:11:29.954404	5a9f12103431d.png	0	0
316	1	2018-03-07 18:19:43.914108	5aa0738e47949.png	0	0
317	1	2018-03-07 18:19:52.8648	5aa07397646c4.png	0	0
318	1	2018-03-07 18:20:01.896001	5aa073a06eff2.png	0	0
319	1	2018-03-07 18:20:02.847894	5aa073a167e39.png	0	0
320	1	2018-03-08 11:39:10.004181	5aa1672d64e83.png	0	0
321	1	2018-03-08 13:44:52.740339	5aa184a41124c.png	0	0
322	1	2018-03-08 13:45:18.775824	5aa184be1d597.png	36	0
323	1	2018-03-08 14:39:47.880455	5aa1918322db3.png	0	0
326	0	2018-03-08 15:23:18.158349	5aa19bb56f020.png	0	0
327	0	2018-03-08 15:23:21.283585	5aa19bb88d1be.png	0	0
324	0	2018-03-08 15:23:15.584601	5aa19bb2d4cc7.png	0	0
325	0	2018-03-08 15:23:16.608141	5aa19bb3dbcf2.png	0	0
328	1	2018-03-08 15:29:13.732032	5aa19d1903492.png	0	0
329	1	2018-03-08 15:29:37.307142	5aa19d30919cb.png	39	0
330	1	2018-03-12 13:12:15.092755	5aa6b4edbcc83.png	0	0
331	0	2018-03-12 13:12:51.285765	5aa6b511f3f27.png	0	0
332	0	2018-03-12 13:12:51.408181	5aa6b5121fa18.png	0	0
334	0	2018-03-12 13:12:53.056476	5aa6b513bd5a1.png	0	0
333	0	2018-03-12 13:12:52.115669	5aa6b512cdf9c.png	0	0
335	1	2018-03-12 15:07:14.324187	5aa6cfe0ecb7a.png	0	0
336	1	2018-03-13 12:11:33.1204	5aa7f833b330c.png	0	0
337	0	2018-03-14 18:16:37.203964	5aa99f4379671.png	0	0
338	0	2018-03-14 18:16:37.306733	5aa99f4396ca1.png	0	0
339	0	2018-03-14 18:16:37.428341	5aa99f43b517e.png	0	0
340	0	2018-03-14 18:16:37.766331	5aa99f44141a7.png	0	0
341	0	2018-03-15 09:35:47.796063	5aaa76b228ad6.png	0	0
344	0	2018-03-15 09:35:48.482328	5aaa76b335a48.png	0	0
342	0	2018-03-15 09:35:47.887831	5aaa76b299049.png	0	0
343	0	2018-03-15 09:35:47.954397	5aaa76b2ac381.png	0	0
346	0	2018-03-15 11:08:40.48463	5aaa8c77245ab.png	0	0
348	0	2018-03-15 11:08:40.632181	5aaa8c774ce05.png	0	0
347	0	2018-03-15 11:08:40.559799	5aaa8c773b635.png	0	0
345	0	2018-03-15 11:08:40.381529	5aaa8c7706c92.png	0	0
349	0	2018-03-15 11:43:19.61889	5aaa9496401d3.png	0	0
350	0	2018-03-15 11:43:19.699761	5aaa949656df6.png	0	0
351	0	2018-03-15 11:43:19.813498	5aaa9496735fa.png	0	0
352	0	2018-03-15 11:43:19.888985	5aaa94968561d.png	0	0
353	0	2018-03-15 17:15:31.635097	5aaae27209c6f.png	0	0
354	0	2018-03-15 17:15:31.763191	5aaae272273e8.png	0	0
356	0	2018-03-15 17:15:31.986434	5aaae272628b0.png	0	0
355	0	2018-03-15 17:15:31.914693	5aaae2724cd9a.png	0	0
357	1	2018-03-17 15:16:04.223682	5aad6972df9fa.png	0	0
358	1	2018-03-17 19:48:02.955957	5aada9317641c.png	0	0
359	1	2018-03-17 19:48:59.273506	5aada9699cd95.png	0	0
360	1	2018-03-20 12:53:52.293442	5ab13c9e9f52d.png	45	0
361	1	2018-03-20 17:24:07.205725	5ab17bf5a55ea.png	0	0
362	1	2018-03-20 17:24:33.495764	5ab17c10047ad.png	0	0
363	1	2018-03-21 12:21:41.582793	5ab28694cee72.png	0	0
364	1	2018-03-22 11:43:45.867495	5ab3cf30763d1.png	0	0
365	1	2018-03-30 09:50:48.725084	5abe40b5bbc27.png	46	0
369	0	2018-03-30 10:51:40.627797	5abe4efbd73ed.png	0	0
367	0	2018-03-30 10:51:40.393034	5abe4efb98ef1.png	0	0
368	0	2018-03-30 10:51:40.504176	5abe4efbb8e5d.png	0	0
366	0	2018-03-30 10:51:40.206759	5abe4ef76e559.png	0	0
370	0	2018-04-09 20:11:02.524458	5acc01147e1e9.png	0	0
373	0	2018-04-09 20:11:02.78216	5acc0114dfe2d.png	0	0
371	0	2018-04-09 20:11:02.592571	5acc0114b17c4.png	0	0
372	0	2018-04-09 20:11:02.711873	5acc0114c29d4.png	0	0
374	0	2018-04-18 12:35:58.623179	5ad773ed248c7.png	0	0
375	0	2018-04-18 12:35:58.73156	5ad773ed68ed2.png	0	0
376	0	2018-04-18 12:35:58.831272	5ad773ed81cc3.png	0	0
377	0	2018-04-18 12:35:58.93462	5ad773ed9d9a0.png	0	0
378	1	2018-04-18 20:01:09.636781	5ad7dc43aecf0.png	0	0
379	1	2018-04-18 20:01:09.701276	5ad7dc43d52a7.png	0	0
380	1	2018-04-18 20:01:09.768933	5ad7dc43e3e13.png	0	0
381	1	2018-04-18 20:01:09.829684	5ad7dc44019c5.png	0	0
382	1	2018-04-23 17:54:06.620658	5ade55fccf686.png	54	0
383	0	2018-04-24 16:46:53.549791	5adf97bb8d9f7.png	0	0
384	0	2018-04-24 16:46:56.750075	5adf97bece7e9.png	0	0
385	0	2018-04-24 16:46:57.231327	5adf97bf58262.png	0	0
386	0	2018-04-24 16:46:57.30103	5adf97bf6ace8.png	0	0
387	1	2018-04-25 11:04:40.670978	5ae09907594a9.png	0	0
388	1	2018-04-25 11:07:41.690209	5ae099bc79fe0.png	62	0
391	0	2018-04-26 15:29:18.319802	5ae2288c79428.png	0	0
389	0	2018-04-26 15:29:17.928553	5ae2288c03029.png	0	0
390	0	2018-04-26 15:29:18.205532	5ae2288c5ebdb.png	0	0
392	0	2018-04-26 15:29:18.487537	5ae2288ca6753.png	0	0
395	0	2018-04-26 15:30:19.911465	5ae228ca192da.png	0	0
393	0	2018-04-26 15:30:19.621227	5ae228c9c662c.png	0	0
394	0	2018-04-26 15:30:19.69635	5ae228c9d90a7.png	0	0
396	0	2018-04-26 15:30:19.992019	5ae228ca2ad90.png	0	0
397	1	2018-04-26 17:09:36.639275	5ae2400eace3e.png	0	0
398	1	2018-04-26 17:09:36.716773	5ae2400ebff17.png	0	0
399	1	2018-04-26 17:09:36.790849	5ae2400ed1b05.png	0	0
400	1	2018-04-26 17:09:37.63021	5ae2400fab06b.png	0	0
401	1	2018-04-26 17:15:37.742616	5ae24177c445b.png	0	0
402	1	2018-04-26 17:15:37.818626	5ae24177d6cd7.png	0	0
403	1	2018-04-26 17:15:37.992962	5ae241780da98.png	0	0
404	1	2018-04-26 17:15:38.330202	5ae241785fcbf.png	0	0
405	1	2018-04-26 17:20:43.498031	5ae242a986b8e.png	66	0
406	1	2018-04-26 17:21:15.367946	5ae242c967514.png	67	0
407	1	2018-04-26 17:21:47.074075	5ae242e91f600.png	0	0
408	1	2018-04-26 17:21:47.457727	5ae242e97d348.png	0	0
409	1	2018-04-26 17:21:47.519863	5ae242e98bf2d.png	0	0
410	1	2018-04-26 17:21:47.920352	5ae242e9edee5.png	0	0
411	1	2018-04-26 17:27:12.034935	5ae2442e14866.png	0	0
412	1	2018-04-26 17:27:12.366599	5ae2442e65928.png	0	0
413	1	2018-04-26 17:27:12.83251	5ae2442ed75f3.png	0	0
414	1	2018-04-26 17:27:12.902673	5ae2442ee7a12.png	0	0
415	1	2018-04-26 17:38:17.690187	5ae246c7b0946.png	0	0
416	1	2018-04-26 17:38:18.087734	5ae246c81cd7b.png	0	0
417	1	2018-04-26 17:38:18.207432	5ae246c83b193.png	0	0
418	1	2018-04-26 17:38:18.680823	5ae246c8ae9c5.png	0	0
419	1	2018-04-26 17:39:00.181179	5ae246f232326.png	68	0
420	1	2018-04-26 17:39:32.952487	5ae24712f0024.png	0	0
421	1	2018-04-26 17:39:33.257218	5ae2471346614.png	0	0
422	1	2018-04-26 17:39:33.815079	5ae24713cdfe8.png	0	0
423	1	2018-04-26 17:39:33.993271	5ae24714053c9.png	0	0
424	1	2018-04-26 17:41:27.976624	5ae2478601a5c.png	0	0
425	1	2018-04-26 17:41:28.218373	5ae247863c90c.png	0	0
426	1	2018-04-26 17:41:28.518941	5ae2478686083.png	0	0
427	1	2018-04-26 17:41:28.747908	5ae24786bdc33.png	0	0
428	1	2018-04-26 17:44:29.424688	5ae2483b6d91e.png	0	0
429	1	2018-04-26 17:44:29.493547	5ae2483b7f082.png	0	0
430	1	2018-04-26 17:44:29.774682	5ae2483bc2b54.png	0	0
431	1	2018-04-26 17:44:30.003639	5ae2483c06c3d.png	0	0
432	1	2018-04-26 17:45:40.73179	5ae24882b8599.png	0	0
433	1	2018-04-26 17:45:40.796351	5ae24882c8751.png	0	0
434	1	2018-04-26 17:45:40.861896	5ae24882d8598.png	0	0
435	1	2018-04-26 17:45:41.188554	5ae2488333aa1.png	0	0
436	1	2018-04-26 17:51:10.586273	5ae249cc93005.png	0	0
437	1	2018-04-26 17:51:10.663514	5ae249cca50a6.png	0	0
438	1	2018-04-26 17:51:10.737136	5ae249ccb8319.png	0	0
439	1	2018-04-26 17:51:10.93526	5ae249cce6f39.png	0	0
440	1	2018-04-26 17:52:46.416561	5ae24a2c6911f.png	0	0
441	1	2018-04-26 17:52:47.294593	5ae24a2d4b326.png	0	0
442	1	2018-04-26 17:52:48.297005	5ae24a2e4b4b3.png	0	0
443	1	2018-04-26 17:52:48.441705	5ae24a2e6ec5e.png	0	0
444	1	2018-04-26 17:59:45.411463	5ae24bcf65aa2.png	0	0
445	1	2018-04-26 17:59:46.632111	5ae24bd09b4ea.png	0	0
446	1	2018-04-26 17:59:46.713307	5ae24bd0afa35.png	0	0
447	1	2018-04-26 17:59:47.507198	5ae24bd17d158.png	0	0
448	1	2018-04-26 18:09:58.161448	5ae24e34277fb.png	0	0
449	1	2018-04-26 18:09:58.216799	5ae24e34361f7.png	0	0
450	1	2018-04-26 18:09:58.276661	5ae24e3444edc.png	0	0
451	1	2018-04-26 18:09:58.336513	5ae24e34530ca.png	0	0
452	1	2018-04-26 18:11:31.378576	5ae24e915a2b1.png	0	0
453	1	2018-04-26 18:11:31.712175	5ae24e91ab274.png	0	0
454	1	2018-04-26 18:11:32.202755	5ae24e922f354.png	0	0
455	1	2018-04-26 18:11:32.331983	5ae24e924e0b5.png	0	0
456	1	2018-04-26 18:13:08.970907	5ae24ef2ea3a4.png	0	0
457	1	2018-04-26 18:13:09.238914	5ae24ef3377b1.png	0	0
458	1	2018-04-26 18:13:09.313623	5ae24ef349860.png	0	0
459	1	2018-04-26 18:13:09.656783	5ae24ef39d9f8.png	0	0
460	1	2018-04-26 18:15:18.736245	5ae24f74af2f0.png	0	0
461	1	2018-04-26 18:15:18.808206	5ae24f74c2052.png	0	0
462	1	2018-04-26 18:15:19.318119	5ae24f754a354.png	0	0
463	1	2018-04-26 18:15:20.120515	5ae24f761990f.png	0	0
464	1	2018-04-26 18:18:13.710543	5ae25023a6dbe.png	0	0
465	1	2018-04-26 18:18:14.001214	5ae25023e6b6a.png	0	0
466	1	2018-04-26 18:18:14.073073	5ae250240cbd6.png	0	0
467	1	2018-04-26 18:18:14.352025	5ae250245133c.png	0	0
468	1	2018-04-26 18:22:40.517812	5ae2512e77cf1.png	0	0
469	1	2018-04-26 18:22:41.08273	5ae2512f0e42b.png	0	0
470	1	2018-04-26 18:22:41.164123	5ae2512f21583.png	0	0
471	1	2018-04-26 18:22:41.519999	5ae2512f78c3e.png	0	0
472	0	2018-04-26 18:41:44.881367	5ae255a6cc587.png	0	0
473	0	2018-04-26 18:41:45.480799	5ae255a76a737.png	0	0
475	0	2018-04-26 18:41:45.631801	5ae255a78f58c.png	0	0
474	0	2018-04-26 18:41:45.570028	5ae255a780325.png	0	0
479	0	2018-04-26 18:43:29.410066	5ae2560f58921.png	0	0
476	0	2018-04-26 18:43:29.173097	5ae2560f1e58b.png	0	0
478	0	2018-04-26 18:43:29.340686	5ae2560f47b24.png	0	0
477	0	2018-04-26 18:43:29.235896	5ae2560f2e2c6.png	0	0
480	0	2018-04-26 18:51:07.167289	5ae257d91a3b0.png	0	0
481	0	2018-04-26 18:51:07.534241	5ae257d9742e8.png	0	0
483	0	2018-04-26 18:51:07.986777	5ae257d9e2dff.png	0	0
482	0	2018-04-26 18:51:07.760926	5ae257d9ab4f7.png	0	0
484	1	2018-04-26 18:51:49.445849	5ae258035ed37.png	77	0
485	1	2018-04-27 10:15:03.074139	5ae330657cac3.png	0	0
486	1	2018-04-27 10:19:39.243047	5ae33179af7a6.png	0	0
487	1	2018-04-27 11:14:34.992192	5ae33e5960383.png	0	0
488	1	2018-04-27 11:21:24.471552	5ae33ff2d49cd.png	0	0
489	1	2018-04-27 12:05:48.276743	5ae34a5a93df5.png	0	0
490	1	2018-04-27 12:06:10.836339	5ae34a7129257.png	78	0
491	0	2018-04-27 12:08:04.538698	5ae34ae2d3971.png	0	0
492	0	2018-04-27 12:08:04.625449	5ae34ae2e8877.png	0	0
494	0	2018-04-27 12:08:05.414304	5ae34ae3b4e44.png	0	0
493	0	2018-04-27 12:08:04.702564	5ae34ae307d06.png	0	0
495	1	2018-04-27 14:23:38.18875	5ae36aa851eca.png	0	0
496	1	2018-04-30 17:08:21.299847	5ae785c3845e9.png	0	0
497	1	2018-04-30 17:11:58.769039	5ae7869d0223b.png	0	0
498	1	2018-04-30 17:11:58.822708	5ae7869d116c9.png	0	0
499	1	2018-05-02 13:01:29.833397	5ae9eee89b40d.png	0	0
500	1	2018-05-07 12:41:36.989439	5af081bf65787.png	0	0
501	1	2018-05-08 18:57:17.967642	5af22b4c57cbf.png	0	0
502	1	2018-05-09 07:41:42.481502	5af2de7579559.png	0	0
503	1	2018-05-09 09:13:06.91404	5af2f3e1e1663.png	80	0
504	1	2018-05-10 10:58:56.917819	5af45e304c71f.png	81	0
505	1	2018-05-11 12:37:14.042102	5af5c6b94b5e9.png	0	0
506	1	2018-05-17 16:21:52.243537	5afde45f39261.png	0	0
508	1	2018-05-17 16:28:07.238636	5afde5d65cc1e.png	0	0
509	1	2018-05-17 16:31:49.40546	5afde6b4804f6.png	0	0
510	1	2018-05-18 13:35:53.754785	5aff0ef800b1c.png	82	0
507	1	2018-05-17 16:22:15.655014	5afde476c20c2.png	0	1
511	1	2018-05-19 13:55:57.519853	5b00652c8d425.png	0	0
512	1	2018-05-19 15:10:36.423924	5b0076ab960c3.png	83	0
513	1	2018-05-19 15:13:33.583756	5b00775cbfee4.png	84	0
514	1	2018-05-19 15:22:06.49363	5b00795da7f2e.png	85	0
515	0	2018-05-19 15:26:01.528119	5b007a48afaca.png	0	0
516	0	2018-05-19 15:26:03.183285	5b007a4a5c0cc.png	0	0
517	0	2018-05-19 15:26:03.305425	5b007a4a7a009.png	0	0
518	0	2018-05-19 15:26:03.399389	5b007a4a907d8.png	0	0
519	1	2018-05-19 16:07:53.542082	5b008418ab564.png	86	0
520	1	2018-05-19 17:36:31.989487	5b0098df10c82.png	87	0
521	1	2018-05-19 22:51:27.07383	5b00e2ade45a9.png	0	0
522	1	2018-05-20 00:08:20.108633	5b00f4b2de838.png	88	0
523	1	2018-05-20 00:38:38.874405	5b00fbcdd294b.png	89	0
524	1	2018-05-20 00:41:37.532248	5b00fc807f3e4.png	0	0
525	1	2018-05-20 00:46:35.592654	5b00fdaa8db3e.png	0	0
526	1	2018-05-20 00:46:46.579564	5b00fdb58a48e.png	0	0
527	1	2018-05-20 00:47:44.828326	5b00fdefca0f4.png	0	0
528	1	2018-05-20 11:20:22.939199	5b01923567e24.png	90	0
529	1	2018-05-20 12:52:37.347508	5b01a7d3c15d5.png	91	0
530	1	2018-05-20 13:32:01.511798	5b01b10fe5261.png	92	0
531	1	2018-05-20 13:35:27.290962	5b01b1ddaf8bd.png	93	0
532	1	2018-05-20 14:22:42.718723	5b01bcf119452.png	94	0
533	1	2018-05-20 14:39:02.961349	5b01c0c55349e.png	95	0
534	1	2018-05-20 14:41:08.426112	5b01c142c408b.png	96	0
537	1	2018-05-20 14:44:47.602215	5b01c21def01e.png	0	0
538	1	2018-05-20 14:45:06.230732	5b01c230939fb.png	97	0
536	1	2018-05-20 14:44:40.613515	5b01c216f189c.png	98	0
535	1	2018-05-20 14:44:29.816696	5b01c20c2f660.png	99	0
539	1	2018-05-20 14:47:21.631647	5b01c2b80218d.png	100	0
540	1	2018-05-20 14:52:51.966496	5b01c402524dc.png	101	0
541	1	2018-05-20 14:54:25.282089	5b01c45f9edf7.png	0	0
542	1	2018-05-20 15:07:20.366075	5b01c766afa02.png	102	0
543	1	2018-05-20 15:08:15.870749	5b01c79e37dc8.png	103	0
544	1	2018-05-20 15:08:36.797321	5b01c7b325ad9.png	104	0
545	1	2018-05-20 15:08:54.919868	5b01c7c543a67.png	105	0
546	1	2018-05-20 15:11:06.777657	5b01c8491f575.png	106	0
547	1	2018-05-20 15:11:12.662591	5b01c84f056bc.png	107	0
548	1	2018-05-20 15:18:10.979367	5b01c9f151a76.png	108	0
549	1	2018-05-20 15:28:01.450166	5b01cc3fc20c3.png	0	0
550	1	2018-05-20 15:28:19.954808	5b01cc524944d.png	0	0
551	1	2018-05-20 15:30:29.487493	5b01ccd3ca3ed.png	0	0
552	1	2018-05-20 15:31:02.638929	5b01ccf4ee23e.png	109	0
553	1	2018-05-20 15:38:13.581354	5b01cea3dfb41.png	0	0
554	0	2018-05-20 15:38:55.981351	5b01cece4d546.png	0	0
556	0	2018-05-20 15:38:58.304651	5b01ced09c6b6.png	0	0
557	0	2018-05-20 15:38:58.391807	5b01ced0b1975.png	0	0
555	0	2018-05-20 15:38:57.429847	5b01cecfbb444.png	0	0
558	1	2018-05-20 15:39:26.196902	5b01ceec82723.png	110	0
559	1	2018-05-20 16:38:49.956285	5b01dcd83cb45.png	0	0
560	1	2018-05-20 16:39:04.323005	5b01dce697286.png	111	0
561	1	2018-05-20 17:00:54.429313	5b01e204ac51a.png	112	0
562	1	2018-05-20 17:15:05.881072	5b01e55821b91.png	113	0
563	1	2018-05-20 17:39:40.811232	5b01eb1b0fc33.png	0	0
564	1	2018-05-20 17:39:49.146402	5b01eb2361eb6.png	114	0
565	1	2018-05-20 18:02:22.134023	5b01f06c5a636.png	0	0
566	1	2018-05-20 18:39:54.531605	5b01f938b4f68.png	0	0
567	1	2018-05-20 18:40:34.337357	5b01f96085b87.png	0	0
568	1	2018-05-20 18:40:46.603776	5b01f96cc7307.png	115	0
569	1	2018-05-20 19:39:02.855258	5b02071505623.png	0	0
570	1	2018-05-20 19:39:21.128688	5b02072748e63.png	116	0
571	1	2018-05-20 19:45:29.278088	5b0208976bb02.png	117	0
572	1	2018-05-20 19:47:14.067532	5b02090038735.png	118	0
573	1	2018-05-20 19:47:30.900591	5b0209110e66f.png	0	0
574	1	2018-05-20 19:47:41.614449	5b02091bbd0d4.png	0	0
575	1	2018-05-20 19:48:04.908496	5b020933101b4.png	119	0
576	1	2018-05-20 19:49:47.506431	5b020999a3398.png	0	0
577	1	2018-05-20 19:50:18.108667	5b0209b8406c6.png	120	0
578	1	2018-05-20 19:58:41.677773	5b020bafcb238.png	0	0
579	1	2018-05-20 19:59:11.042263	5b020bcd3037a.png	121	0
580	1	2018-05-20 20:00:16.853898	5b020c0f000c3.png	122	0
581	1	2018-05-20 20:00:57.560166	5b020c37b0cb8.png	123	0
582	1	2018-05-20 20:01:33.927912	5b020c5c1659d.png	124	0
583	1	2018-05-20 20:10:31.833155	5b020e75db597.png	125	0
584	1	2018-05-20 20:12:22.264143	5b020ee463f5b.png	126	0
585	0	2018-05-20 20:13:00.105698	5b020f0a3cc3d.png	0	0
587	0	2018-05-20 20:13:00.463123	5b020f0a94cb6.png	0	0
586	0	2018-05-20 20:13:00.171722	5b020f0a4db0f.png	0	0
588	0	2018-05-20 20:13:00.526455	5b020f0aa459f.png	0	0
589	1	2018-05-20 20:13:40.285612	5b020f3268551.png	0	0
590	1	2018-05-20 20:13:55.088786	5b020f4138ee5.png	128	0
591	1	2018-05-20 20:15:02.385622	5b020f847e364.png	0	0
592	1	2018-05-20 20:15:15.279661	5b020f91669c4.png	0	0
593	1	2018-05-20 20:15:29.720942	5b020f9fd3074.png	129	0
594	1	2018-05-20 20:21:14.974849	5b0210f91beb4.png	130	0
621	1	2018-05-20 21:42:37.420685	5b02240b793e7.png	0	0
595	1	2018-05-20 20:21:49.681621	5b02111bc96a6.png	132	0
596	1	2018-05-20 20:24:06.288299	5b0211a46a403.png	133	0
597	1	2018-05-20 20:25:23.731679	5b0211f1d5b3e.png	0	0
598	1	2018-05-20 20:25:37.923858	5b0212000f422.png	134	0
599	1	2018-05-20 20:26:08.088247	5b02121e34b20.png	0	0
600	1	2018-05-20 20:27:45.336003	5b02127f71d11.png	135	0
601	1	2018-05-20 20:28:20.398119	5b0212a28180a.png	137	0
603	0	2018-05-20 20:29:22.475883	5b0212e0970c5.png	138	1
604	1	2018-05-20 20:49:22.654296	5b021790bcc48.png	0	0
605	1	2018-05-20 20:55:15.887237	5b0218f200548.png	0	0
607	1	2018-05-20 20:57:08.834889	5b021962e5928.png	139	0
608	1	2018-05-20 21:01:31.727434	5b021a69cb9e8.png	0	0
609	1	2018-05-20 21:01:53.403068	5b021a7f7c493.png	140	0
610	1	2018-05-20 21:04:12.005975	5b021b0a1b219.png	141	0
611	1	2018-05-20 21:04:30.54053	5b021b1c9e44f.png	142	0
612	1	2018-05-20 21:13:18.702317	5b021d2cc2ebd.png	143	0
613	1	2018-05-20 21:17:29.869142	5b021e27eb67f.png	0	0
614	1	2018-05-20 21:19:05.857041	5b021e87e9c4a.png	0	0
616	1	2018-05-20 21:19:24.87587	5b021e9aec8f5.png	0	0
617	1	2018-05-20 21:20:05.392143	5b021ec37618d.png	144	0
618	1	2018-05-20 21:23:06.347367	5b021f786b745.png	145	0
619	1	2018-05-20 21:24:01.684555	5b021fafbd16d.png	0	0
620	1	2018-05-20 21:24:15.233357	5b021fbd4fa9c.png	146	0
606	1	2018-05-20 20:56:47.508302	5b02194d96a14.png	0	1
623	1	2018-05-20 21:54:26.09887	5b0226d0293a3.png	0	0
624	1	2018-05-20 21:55:41.746671	5b02271bc74a3.png	0	0
626	1	2018-05-20 22:32:10.671536	5b022fa8ad77f.png	0	0
627	1	2018-05-20 22:32:29.573112	5b022fbb95adc.png	148	0
628	1	2018-05-21 06:37:40.119379	5b02a17306d50.png	149	0
630	1	2018-05-21 08:08:45.343479	5b02b6cc56353.png	150	0
631	1	2018-05-21 08:27:14.237932	5b02bb213916b.png	0	0
632	1	2018-05-21 08:28:02.08029	5b02bb5111ca0.png	0	0
633	1	2018-05-21 08:28:55.756216	5b02bb86b7a2a.png	151	0
635	1	2018-05-21 14:45:54.520412	5b0313e1357b4.png	0	0
636	1	2018-05-21 14:46:33.683628	5b03140861728.png	0	0
637	1	2018-05-21 14:58:13.676979	5b0316c45fb56.png	152	0
638	1	2018-05-21 14:58:30.609933	5b0316d54f488.png	0	0
639	1	2018-05-21 14:58:44.478772	5b0316e32eece.png	153	0
640	1	2018-05-21 21:38:36.168233	5b03749a8be49.png	0	0
641	1	2018-05-21 21:39:05.586487	5b0374b801f05.png	154	0
643	1	2018-05-21 22:06:20.62715	5b037b1b06931.png	155	0
644	1	2018-05-21 23:17:01.848688	5b038bac2f066.png	0	0
645	1	2018-05-21 23:17:19.886686	5b038bbe39698.png	0	0
646	1	2018-05-21 23:20:04.331246	5b038c62a4ef4.png	0	0
647	1	2018-05-21 23:20:15.233556	5b038c6d8df75.png	0	0
648	1	2018-05-21 23:20:26.041942	5b038c785eeea.png	0	0
649	1	2018-05-21 23:20:39.768564	5b038c861c16c.png	0	0
650	1	2018-05-21 23:20:55.93482	5b038c9644b61.png	0	0
651	1	2018-05-21 23:21:14.405333	5b038ca8b644e.png	0	0
652	1	2018-05-21 23:21:22.144844	5b038cb077baa.png	0	0
653	1	2018-05-21 23:21:32.04591	5b038cba5ec01.png	0	0
654	1	2018-05-21 23:21:47.522741	5b038cc9d450e.png	0	0
655	1	2018-05-21 23:22:02.925222	5b038cd941fd2.png	0	0
656	1	2018-05-21 23:22:15.330459	5b038ce5a4c17.png	0	0
634	1	2018-05-21 12:27:25.30925	5b02f36c1d711.png	0	1
658	1	2018-05-22 11:12:00.612787	5b04333f5abb5.png	0	0
659	1	2018-05-22 11:12:08.627622	5b04334762558.png	0	0
660	1	2018-05-22 17:21:32.092032	5b0489da8f68d.png	0	0
615	0	2018-05-20 21:19:05.918475	5b021e88071a1.png	0	1
661	1	2018-05-22 17:21:42.828646	5b0489e550cb6.png	0	0
662	1	2018-05-22 17:22:00.327569	5b0489f6ca88a.png	156	0
663	1	2018-05-22 22:54:34.216786	5b04d7e87350c.png	0	0
657	0	2018-05-22 04:09:44.427783	5b03d0476d00c.png	0	1
642	0	2018-05-21 22:05:48.584738	5b037afaeffee.png	0	1
629	1	2018-05-21 08:08:14.776068	5b02b6adbfdea.png	0	1
625	1	2018-05-20 22:11:18.877072	5b022ac4e6a99.png	0	1
622	1	2018-05-20 21:43:31.876993	5b022441e9356.png	147	1
602	0	2018-05-20 20:28:26.451765	5b0212a890728.png	136	0
664	1	2018-05-22 22:54:46.235937	5b04d7f478846.png	0	1
665	1	2018-07-19 15:18:23.110631	5b50e3fcb7ab5.png	157	0
666	1	2018-08-02 14:22:33.558498	5b634be79cfe9.png	0	0
667	1	2018-08-05 12:10:31.005375	5b672175293be.png	0	0
668	1	2018-08-05 12:12:58.78266	5b672208ef67e.png	0	0
669	1	2018-08-05 12:12:58.831651	5b6722090b181.png	0	0
670	1	2018-08-06 01:45:59.364588	5b67e0969c183.png	0	0
671	1	2018-08-06 03:27:36.07769	5b67f8671ecf2.png	0	0
672	1	2018-08-06 03:27:36.119589	5b67f8674034d.png	0	0
673	1	2018-08-06 03:27:59.808322	5b67f87ee46df.png	0	0
674	1	2018-08-09 03:57:41.610602	5b6bf3f491af7.png	0	0
\.


--
-- Name: snapshot_contact_id_seq; Type: SEQUENCE SET; Schema: public; Owner: root
--

SELECT pg_catalog.setval('snapshot_contact_id_seq', 674, true);


--
-- Data for Name: support_user; Type: TABLE DATA; Schema: public; Owner: root
--

COPY support_user (id, active, insert_time, user_phone, support_list_id) FROM stdin;
1	1	2018-05-11 09:45:01.016546	2014015212	1
2	1	2018-05-11 09:47:23.437173	8484483210	5
3	1	2018-05-17 11:24:03.243609	5678	1
4	1	2018-05-17 11:24:18.585178	8796789	2
5	1	2018-05-17 11:25:57.121301	48793074932	1
6	1	2018-05-17 11:26:29.350874	5675675678	1
7	1	2018-05-17 11:27:54.882633	123	1
8	1	2018-05-17 11:28:13.224195	1234567890	1
9	1	2018-05-17 11:28:35.070815	1234567890	1
10	1	2018-05-17 11:29:08.505861	5165920850	1
11	1	2018-05-17 12:03:19.334582	43423	1
12	1	2018-05-19 13:53:00.452191	5165236403	4
13	1	2018-05-19 23:15:37.848563	5165920850	1
14	1	2018-05-20 05:39:47.654932	5165920850	1
15	1	2018-05-21 10:46:14.324436	5165920850	4
16	1	2018-05-22 07:17:20.208587	2144155810	3
\.


--
-- Name: support_user_id_seq; Type: SEQUENCE SET; Schema: public; Owner: root
--

SELECT pg_catalog.setval('support_user_id_seq', 16, true);


--
-- Data for Name: transaction; Type: TABLE DATA; Schema: public; Owner: root
--

COPY transaction (id, active, insert_time, order_id, authorize_net_data, ref_trans_id) FROM stdin;
\.


--
-- Name: transaction_id_seq; Type: SEQUENCE SET; Schema: public; Owner: root
--

SELECT pg_catalog.setval('transaction_id_seq', 1, false);


--
-- Data for Name: user; Type: TABLE DATA; Schema: public; Owner: root
--

COPY "user" (id, active, insert_time, email, password, hash, first_name, last_name, phone, photo, username) FROM stdin;
\.


--
-- Data for Name: user_favorite; Type: TABLE DATA; Schema: public; Owner: root
--

COPY user_favorite (id, active, insert_time, user_id, provider_id) FROM stdin;
\.


--
-- Name: user_favorite_id_seq; Type: SEQUENCE SET; Schema: public; Owner: root
--

SELECT pg_catalog.setval('user_favorite_id_seq', 1, false);


--
-- Name: user_id_seq; Type: SEQUENCE SET; Schema: public; Owner: root
--

SELECT pg_catalog.setval('user_id_seq', 1, false);


--
-- Data for Name: user_roles; Type: TABLE DATA; Schema: public; Owner: root
--

COPY user_roles (id, active, insert_time, user_id, role_id) FROM stdin;
\.


--
-- Name: user_roles_id_seq; Type: SEQUENCE SET; Schema: public; Owner: root
--

SELECT pg_catalog.setval('user_roles_id_seq', 1, false);


--
-- Data for Name: wedding_band; Type: TABLE DATA; Schema: public; Owner: root
--

COPY wedding_band (id, active, insert_time, name, slug, price, category, diamond_color, diamond_quality, video_link, metals, colors, metal_colors, setting_labor, polish_labor, head_to_add, melee_cost, shipping_from_cast, shipping_to_customer, total_14kt_cost, total_18kt_cost, total_plat_cost, options, setting_style, alias, meta_title, meta_keywords, meta_description, memo_duration) FROM stdin;
\.


--
-- Name: wedding_band_id_seq; Type: SEQUENCE SET; Schema: public; Owner: root
--

SELECT pg_catalog.setval('wedding_band_id_seq', 1, false);


--
-- Data for Name: wholesale; Type: TABLE DATA; Schema: public; Owner: root
--

COPY wholesale (id, active, insert_time, company, job_title, dba, incorporation, referrer, phone, alt_phone, status, address, address2, payment, memo_duration, site, logo, discount, tax_id) FROM stdin;
\.


--
-- Name: wholesale_id_seq; Type: SEQUENCE SET; Schema: public; Owner: root
--

SELECT pg_catalog.setval('wholesale_id_seq', 5, true);


--
-- Data for Name: wholesale_items; Type: TABLE DATA; Schema: public; Owner: root
--

COPY wholesale_items (id, active, insert_time, price, wholesale_id, product_id) FROM stdin;
\.


--
-- Name: wholesale_items_id_seq; Type: SEQUENCE SET; Schema: public; Owner: root
--

SELECT pg_catalog.setval('wholesale_items_id_seq', 6, true);


--
-- Data for Name: wishlist; Type: TABLE DATA; Schema: public; Owner: root
--

COPY wishlist (id, active, insert_time, user_id, data) FROM stdin;
\.


--
-- Name: wishlist_id_seq; Type: SEQUENCE SET; Schema: public; Owner: root
--

SELECT pg_catalog.setval('wishlist_id_seq', 1, false);


--
-- Name: about_us_pkey; Type: CONSTRAINT; Schema: public; Owner: root; Tablespace: 
--

ALTER TABLE ONLY about_us
    ADD CONSTRAINT about_us_pkey PRIMARY KEY (id);


--
-- Name: address_pkey; Type: CONSTRAINT; Schema: public; Owner: root; Tablespace: 
--

ALTER TABLE ONLY address
    ADD CONSTRAINT address_pkey PRIMARY KEY (id);


--
-- Name: admin_roles_pkey; Type: CONSTRAINT; Schema: public; Owner: root; Tablespace: 
--

ALTER TABLE ONLY admin_roles
    ADD CONSTRAINT admin_roles_pkey PRIMARY KEY (id);


--
-- Name: administrator_pkey; Type: CONSTRAINT; Schema: public; Owner: root; Tablespace: 
--

ALTER TABLE ONLY administrator
    ADD CONSTRAINT administrator_pkey PRIMARY KEY (id);


--
-- Name: answer_pkey; Type: CONSTRAINT; Schema: public; Owner: root; Tablespace: 
--

ALTER TABLE ONLY answer
    ADD CONSTRAINT answer_pkey PRIMARY KEY (id);


--
-- Name: banner_pkey; Type: CONSTRAINT; Schema: public; Owner: root; Tablespace: 
--

ALTER TABLE ONLY banner
    ADD CONSTRAINT banner_pkey PRIMARY KEY (id);


--
-- Name: category_pkey; Type: CONSTRAINT; Schema: public; Owner: root; Tablespace: 
--

ALTER TABLE ONLY category
    ADD CONSTRAINT category_pkey PRIMARY KEY (id);


--
-- Name: config_pkey; Type: CONSTRAINT; Schema: public; Owner: root; Tablespace: 
--

ALTER TABLE ONLY config
    ADD CONSTRAINT config_pkey PRIMARY KEY (id);


--
-- Name: contact_pkey; Type: CONSTRAINT; Schema: public; Owner: root; Tablespace: 
--

ALTER TABLE ONLY contact
    ADD CONSTRAINT contact_pkey PRIMARY KEY (id);


--
-- Name: coupon_pkey; Type: CONSTRAINT; Schema: public; Owner: root; Tablespace: 
--

ALTER TABLE ONLY coupon
    ADD CONSTRAINT coupon_pkey PRIMARY KEY (id);


--
-- Name: credit_pkey; Type: CONSTRAINT; Schema: public; Owner: root; Tablespace: 
--

ALTER TABLE ONLY credit
    ADD CONSTRAINT credit_pkey PRIMARY KEY (id);


--
-- Name: email_pkey; Type: CONSTRAINT; Schema: public; Owner: root; Tablespace: 
--

ALTER TABLE ONLY email
    ADD CONSTRAINT email_pkey PRIMARY KEY (id);


--
-- Name: gif_pkey; Type: CONSTRAINT; Schema: public; Owner: root; Tablespace: 
--

ALTER TABLE ONLY gif
    ADD CONSTRAINT gif_pkey PRIMARY KEY (id);


--
-- Name: hccsupport_pkey; Type: CONSTRAINT; Schema: public; Owner: root; Tablespace: 
--

ALTER TABLE ONLY hccsupport
    ADD CONSTRAINT hccsupport_pkey PRIMARY KEY (id);


--
-- Name: highlight_pkey; Type: CONSTRAINT; Schema: public; Owner: root; Tablespace: 
--

ALTER TABLE ONLY highlight
    ADD CONSTRAINT highlight_pkey PRIMARY KEY (id);


--
-- Name: map_pkey; Type: CONSTRAINT; Schema: public; Owner: root; Tablespace: 
--

ALTER TABLE ONLY map
    ADD CONSTRAINT map_pkey PRIMARY KEY (id);


--
-- Name: order_pkey; Type: CONSTRAINT; Schema: public; Owner: root; Tablespace: 
--

ALTER TABLE ONLY "order"
    ADD CONSTRAINT order_pkey PRIMARY KEY (id);


--
-- Name: order_product_option_pkey; Type: CONSTRAINT; Schema: public; Owner: root; Tablespace: 
--

ALTER TABLE ONLY order_product_option
    ADD CONSTRAINT order_product_option_pkey PRIMARY KEY (id);


--
-- Name: order_products_pkey; Type: CONSTRAINT; Schema: public; Owner: root; Tablespace: 
--

ALTER TABLE ONLY order_products
    ADD CONSTRAINT order_products_pkey PRIMARY KEY (id);


--
-- Name: page_pkey; Type: CONSTRAINT; Schema: public; Owner: root; Tablespace: 
--

ALTER TABLE ONLY page
    ADD CONSTRAINT page_pkey PRIMARY KEY (id);


--
-- Name: payment_profiles_pkey; Type: CONSTRAINT; Schema: public; Owner: root; Tablespace: 
--

ALTER TABLE ONLY payment_profiles
    ADD CONSTRAINT payment_profiles_pkey PRIMARY KEY (id);


--
-- Name: phone_pkey; Type: CONSTRAINT; Schema: public; Owner: root; Tablespace: 
--

ALTER TABLE ONLY phone
    ADD CONSTRAINT phone_pkey PRIMARY KEY (id);


--
-- Name: preset_pkey; Type: CONSTRAINT; Schema: public; Owner: root; Tablespace: 
--

ALTER TABLE ONLY jewelry
    ADD CONSTRAINT preset_pkey PRIMARY KEY (id);


--
-- Name: product_categories_pkey; Type: CONSTRAINT; Schema: public; Owner: root; Tablespace: 
--

ALTER TABLE ONLY product_categories
    ADD CONSTRAINT product_categories_pkey PRIMARY KEY (id);


--
-- Name: product_images_pkey; Type: CONSTRAINT; Schema: public; Owner: root; Tablespace: 
--

ALTER TABLE ONLY product_images
    ADD CONSTRAINT product_images_pkey PRIMARY KEY (id);


--
-- Name: product_map_pkey; Type: CONSTRAINT; Schema: public; Owner: root; Tablespace: 
--

ALTER TABLE ONLY product_map
    ADD CONSTRAINT product_map_pkey PRIMARY KEY (id);


--
-- Name: product_pkey; Type: CONSTRAINT; Schema: public; Owner: root; Tablespace: 
--

ALTER TABLE ONLY product
    ADD CONSTRAINT product_pkey PRIMARY KEY (id);


--
-- Name: question_pkey; Type: CONSTRAINT; Schema: public; Owner: root; Tablespace: 
--

ALTER TABLE ONLY question
    ADD CONSTRAINT question_pkey PRIMARY KEY (id);


--
-- Name: ring_material_pkey; Type: CONSTRAINT; Schema: public; Owner: root; Tablespace: 
--

ALTER TABLE ONLY ring_material
    ADD CONSTRAINT ring_material_pkey PRIMARY KEY (id);


--
-- Name: ring_pkey; Type: CONSTRAINT; Schema: public; Owner: root; Tablespace: 
--

ALTER TABLE ONLY ring
    ADD CONSTRAINT ring_pkey PRIMARY KEY (id);


--
-- Name: role_pkey; Type: CONSTRAINT; Schema: public; Owner: root; Tablespace: 
--

ALTER TABLE ONLY role
    ADD CONSTRAINT role_pkey PRIMARY KEY (id);


--
-- Name: session_pkey; Type: CONSTRAINT; Schema: public; Owner: root; Tablespace: 
--

ALTER TABLE ONLY session
    ADD CONSTRAINT session_pkey PRIMARY KEY (id);


--
-- Name: shipping_method_pkey; Type: CONSTRAINT; Schema: public; Owner: root; Tablespace: 
--

ALTER TABLE ONLY shipping_method
    ADD CONSTRAINT shipping_method_pkey PRIMARY KEY (id);


--
-- Name: snapshot_contact_pkey; Type: CONSTRAINT; Schema: public; Owner: root; Tablespace: 
--

ALTER TABLE ONLY snapshot_contact
    ADD CONSTRAINT snapshot_contact_pkey PRIMARY KEY (id);


--
-- Name: support_user_pkey; Type: CONSTRAINT; Schema: public; Owner: root; Tablespace: 
--

ALTER TABLE ONLY support_user
    ADD CONSTRAINT support_user_pkey PRIMARY KEY (id);


--
-- Name: transaction_pkey; Type: CONSTRAINT; Schema: public; Owner: root; Tablespace: 
--

ALTER TABLE ONLY transaction
    ADD CONSTRAINT transaction_pkey PRIMARY KEY (id);


--
-- Name: user_favorite_pkey; Type: CONSTRAINT; Schema: public; Owner: root; Tablespace: 
--

ALTER TABLE ONLY user_favorite
    ADD CONSTRAINT user_favorite_pkey PRIMARY KEY (id);


--
-- Name: user_pkey; Type: CONSTRAINT; Schema: public; Owner: root; Tablespace: 
--

ALTER TABLE ONLY "user"
    ADD CONSTRAINT user_pkey PRIMARY KEY (id);


--
-- Name: user_roles_pkey; Type: CONSTRAINT; Schema: public; Owner: root; Tablespace: 
--

ALTER TABLE ONLY user_roles
    ADD CONSTRAINT user_roles_pkey PRIMARY KEY (id);


--
-- Name: wedding_band_pkey; Type: CONSTRAINT; Schema: public; Owner: root; Tablespace: 
--

ALTER TABLE ONLY wedding_band
    ADD CONSTRAINT wedding_band_pkey PRIMARY KEY (id);


--
-- Name: wholesale_items_pkey; Type: CONSTRAINT; Schema: public; Owner: root; Tablespace: 
--

ALTER TABLE ONLY wholesale_items
    ADD CONSTRAINT wholesale_items_pkey PRIMARY KEY (id);


--
-- Name: wholesale_pkey; Type: CONSTRAINT; Schema: public; Owner: root; Tablespace: 
--

ALTER TABLE ONLY wholesale
    ADD CONSTRAINT wholesale_pkey PRIMARY KEY (id);


--
-- Name: wishlist_pkey; Type: CONSTRAINT; Schema: public; Owner: root; Tablespace: 
--

ALTER TABLE ONLY wishlist
    ADD CONSTRAINT wishlist_pkey PRIMARY KEY (id);


--
-- Name: public; Type: ACL; Schema: -; Owner: postgres
--

REVOKE ALL ON SCHEMA public FROM PUBLIC;
REVOKE ALL ON SCHEMA public FROM postgres;
GRANT ALL ON SCHEMA public TO postgres;
GRANT ALL ON SCHEMA public TO PUBLIC;


--
-- PostgreSQL database dump complete
--

